Carrier Code,Date (MM/DD/YYYY),Flight Number,Tail Number,Origin Airport,Scheduled Arrival Time,Actual Arrival Time,Arrival Delay (Minutes)
AA,01-01-2023,1646,N839AW,CLT,13:59,13:53,-6
AA,01-01-2023,2037,N828AW,CLT,17:17,17:10,-7
AA,01-01-2023,2952,N700UW,CLT,23:36,00:00,0
AA,01-01-2024,2850,N679AW,DFW,15:25,17:39,134
AA,01-02-2023,1646,N836AW,CLT,13:59,13:53,-6
AA,01-02-2023,2037,N717UW,CLT,17:17,17:18,1
AA,01-02-2023,2952,N813AW,CLT,23:36,23:28,-8
AA,01-02-2024,2850,N649AW,DFW,15:25,15:37,12
AA,01-03-2023,1646,N833AW,CLT,13:59,13:55,-4
AA,01-03-2023,2037,N741UW,CLT,17:17,18:04,47
AA,01-03-2023,2952,N102UW,CLT,23:38,00:18,40
AA,01-03-2024,2850,N663AW,DFW,15:25,15:28,3
AA,01-04-2023,1646,N742PS,CLT,13:59,18:11,252
AA,01-04-2023,2037,N806AW,CLT,17:17,00:00,0
AA,01-04-2023,2952,N755US,CLT,23:36,23:49,13
AA,01-04-2024,2850,N128UW,DFW,15:25,15:37,12
AA,01-05-2023,1646,N755US,CLT,13:59,13:51,-8
AA,01-05-2023,2037,N738US,CLT,17:17,17:09,-8
AA,01-05-2023,2218,N771XF,CLT,18:51,18:44,-7
AA,01-05-2024,2850,N673AW,DFW,15:25,15:18,-7
AA,01-06-2023,1646,N840AW,CLT,13:59,13:56,-3
AA,01-06-2023,2037,N821AW,CLT,17:17,17:09,-8
AA,01-06-2023,2218,N753US,CLT,18:51,18:42,-9
AA,01-06-2024,2850,N107US,DFW,15:25,14:58,-27
AA,01-07-2023,1646,N744P,CLT,13:59,16:38,159
AA,01-07-2023,2037,N831AW,CLT,17:17,17:37,20
AA,01-07-2023,2952,N753US,CLT,23:36,23:34,-2
AA,01-07-2024,2850,N656AW,DFW,15:25,15:08,-17
AA,01-08-2023,1646,N764US,CLT,13:59,13:50,-9
AA,01-08-2023,2037,N825AW,CLT,17:17,17:06,-11
AA,01-08-2023,2952,N754UW,CLT,23:36,23:30,-6
AA,01-09-2023,1646,N754UW,CLT,13:59,14:07,8
AA,01-09-2023,2037,N807AW,CLT,17:17,17:05,-12
AA,01-09-2023,2952,N776XF,CLT,23:36,23:24,-12
AA,01-09-2024,535,N663AW,CLT,17:08,17:03,-5
AA,01-10-2023,1646,N776XF,CLT,13:50,13:39,-11
AA,01-10-2023,2952,N679AW,CLT,21:30,21:16,-14
AA,01-11-2023,1646,N705UW,CLT,13:50,14:26,36
AA,01-11-2023,2952,N754UW,CLT,21:30,22:35,65
AA,01-12-2023,1646,N702UW,CLT,13:50,13:55,5
AA,01-12-2023,2952,N756US,CLT,23:24,01:29,125
AA,01/13/2023,1646,N807AW,CLT,13:50,13:49,-1
AA,01/13/2023,2952,N817AW,CLT,23:24,23:25,1
AA,01/13/2024,535,N9002U,CLT,23:22,23:13,-9
AA,01/14/2023,1725,N769US,CLT,17:18,17:08,-10
AA,01/15/2023,1646,N714US,CLT,13:50,13:28,-22
AA,01/15/2023,2952,N732US,CLT,23:24,23:20,-4
AA,01/16/2023,1646,N835AW,CLT,13:50,13:42,-8
AA,01/16/2023,2952,N802AW,CLT,21:30,21:23,-7
AA,01/16/2024,535,N680AW,CLT,17:08,17:00,-8
AA,01/17/2023,1646,N745VJ,CLT,13:50,13:42,-8
AA,01/17/2023,2952,N802AW,CLT,21:30,21:18,-12
AA,01/18/2023,1646,N840AW,CLT,13:50,13:53,3
AA,01/18/2023,2952,N804AW,CLT,21:30,22:44,74
AA,01/19/2023,1646,N831AW,CLT,13:50,13:45,-5
AA,01/19/2023,2952,N723UW,CLT,23:24,23:28,4
AA,01/20/2023,1646,N714US,CLT,13:50,13:55,5
AA,01/20/2023,2952,N837AW,CLT,23:24,23:13,-11
AA,01/21/2023,2952,N740UW,CLT,21:30,21:50,20
AA,01/22/2023,1646,N757UW,CLT,13:50,13:49,-1
AA,01/22/2023,2952,N750UW,CLT,23:24,00:08,44
AA,01/23/2023,1646,N814AW,CLT,13:50,13:46,-4
AA,01/23/2023,2952,N702UW,CLT,21:30,22:41,71
AA,01/23/2024,535,N680AW,CLT,17:08,16:58,-10
AA,01/24/2023,1646,N833AW,CLT,13:50,13:43,-7
AA,01/24/2023,2952,N814AW,CLT,21:30,21:46,16
AA,01/25/2023,1646,N748UW,CLT,13:50,14:16,26
AA,01/25/2023,2952,N817AW,CLT,21:30,21:39,9
AA,01/26/2023,1646,N742PS,CLT,13:50,14:07,17
AA,01/26/2023,2952,N742PS,CLT,23:24,23:25,1
AA,01/27/2023,1646,N583UW,CLT,13:50,14:25,35
AA,01/27/2023,2952,N817AW,CLT,23:24,00:39,75
AA,01/28/2023,2952,N755US,CLT,21:30,21:46,16
AA,01/29/2023,1646,N711UW,CLT,13:50,13:46,-4
AA,01/29/2023,2952,N161UW,CLT,23:24,23:39,15
AA,01/30/2023,1646,N710UW,CLT,13:50,13:42,-8
AA,01/30/2023,2952,N802AW,CLT,21:30,21:28,-2
AA,01/30/2024,535,N112US,CLT,17:08,16:56,-12
AA,01/31/2023,1646,N721UW,CLT,13:50,14:31,41
AA,01/31/2023,2952,N813AW,CLT,21:30,21:37,7
AA,02-01-2023,1646,N725UW,CLT,13:50,13:35,-15
AA,02-01-2023,2952,N751UW,CLT,21:30,21:24,-6
AA,02-02-2023,1646,N836AW,CLT,13:50,13:41,-9
AA,02-02-2023,2952,N712US,CLT,23:24,23:36,12
AA,02-03-2023,2447,N804AW,CLT,17:31,17:32,1
AA,02-03-2023,2952,N762US,CLT,23:47,23:34,-13
AA,02-04-2023,2952,N834AW,CLT,23:47,23:50,3
AA,02-05-2023,2447,N700UW,CLT,17:31,17:38,7
AA,02-05-2023,2952,N762US,CLT,23:47,23:51,4
AA,02-06-2023,2447,N724UW,CLT,17:31,17:24,-7
AA,02-06-2023,2952,N9006,CLT,23:47,23:54,7
AA,02-06-2024,535,N104UW,CLT,17:08,19:39,151
AA,02-07-2023,2447,N751UW,CLT,17:31,17:29,-2
AA,02-07-2023,2952,N763US,CLT,21:15,21:04,-11
AA,02-08-2023,2447,N748UW,CLT,17:31,17:19,-12
AA,02-08-2023,2952,N834AW,CLT,21:15,21:08,-7
AA,02-09-2023,2447,N70020,CLT,17:31,17:44,13
AA,02-09-2023,2952,N748UW,CLT,23:47,23:50,3
AA,02-10-2023,2447,N708UW,CLT,17:31,17:19,-12
AA,02-10-2023,2952,N832AW,CLT,23:47,01:06,79
AA,02-11-2023,2952,N820AW,CLT,23:47,23:48,1
AA,02-12-2023,2447,N722US,CLT,17:31,17:23,-8
AA,02-12-2023,2952,N820AW,CLT,23:47,23:49,2
AA,02/13/2023,2447,N810AW,CLT,17:31,17:23,-8
AA,02/13/2023,2952,N840AW,CLT,23:47,23:31,-16
AA,02/13/2024,535,N657AW,CLT,17:08,16:54,-14
AA,02/14/2023,2447,N730US,CLT,17:31,17:20,-11
AA,02/14/2023,2952,N830AW,CLT,21:15,21:00,-15
AA,02/15/2023,2447,N722US,CLT,17:31,17:20,-11
AA,02/15/2023,2952,N9026C,CLT,21:15,21:15,0
AA,02/16/2023,2447,N730US,CLT,17:31,17:19,-12
AA,02/16/2023,2952,N762US,CLT,23:47,23:58,11
AA,02/17/2023,2447,N772XF,CLT,17:31,17:17,-14
AA,02/17/2023,2952,N827AW,CLT,23:47,23:32,-15
AA,02/18/2023,2099,N769US,CLT,19:44,20:04,20
AA,02/19/2023,2447,N773XF,CLT,17:31,18:12,41
AA,02/19/2023,2952,N821AW,CLT,23:47,23:49,2
AA,02/20/2023,2447,N711UW,CLT,17:31,19:05,94
AA,02/20/2023,2952,N834AW,CLT,23:47,23:39,-8
AA,02/21/2023,2447,N711UW,CLT,17:31,17:28,-3
AA,02/21/2023,2952,N748UW,CLT,23:47,23:35,-12
AA,02/22/2023,2447,N805AW,CLT,17:31,17:18,-13
AA,02/22/2023,2952,N749US,CLT,23:47,23:35,-12
AA,02/23/2023,2447,N773XF,CLT,17:31,18:42,71
AA,02/23/2023,2952,N825AW,CLT,23:47,00:15,28
AA,02/24/2023,2447,N708UW,CLT,17:31,17:14,-17
AA,02/24/2023,2952,N738US,CLT,23:47,23:45,-2
AA,02/25/2023,2952,N757UW,CLT,23:47,23:47,0
AA,02/26/2023,2447,N702UW,CLT,17:31,17:17,-14
AA,02/26/2023,2952,N775XF,CLT,23:47,23:30,-17
AA,02/27/2023,2447,N768US,CLT,17:31,18:16,45
AA,02/27/2023,2952,N772XF,CLT,23:47,23:38,-9
AA,02/28/2023,2447,N802AW,CLT,17:31,17:54,23
AA,02/28/2023,2952,N839AW,CLT,23:47,23:36,-11
AA,03-01-2023,876,N829AW,CLT,17:44,17:47,3
AA,03-01-2023,2952,N829AW,CLT,23:15,23:05,-10
AA,03-02-2023,876,N828AW,CLT,17:44,17:40,-4
AA,03-02-2023,2952,N813AW,CLT,23:15,23:02,-13
AA,03-03-2023,876,N813AW,CLT,17:44,22:09,0
AA,03-03-2023,2952,N821AW,CLT,23:15,23:51,36
AA,03-04-2023,2952,N813AW,CLT,23:15,23:03,-12
AA,03-05-2023,876,N826AW,CLT,17:44,17:36,-8
AA,03-05-2023,2952,N832AW,CLT,23:15,23:06,-9
AA,03-06-2023,876,N9018E,CLT,17:44,19:09,85
AA,03-06-2023,2952,N740UW,CLT,23:15,23:00,-15
AA,03-07-2023,876,N831AW,CLT,17:44,17:38,-6
AA,03-07-2023,2952,N701UW,CLT,21:17,20:58,-19
AA,03-08-2023,876,N703UW,CLT,17:44,17:36,-8
AA,03-08-2023,2952,N104UW,CLT,23:16,22:54,-22
AA,03-09-2023,876,N723UW,CLT,17:44,17:37,-7
AA,03-09-2023,2952,N775XF,CLT,23:15,23:24,9
AA,03-10-2023,876,N823AW,CLT,17:44,17:46,2
AA,03-10-2023,2952,N817AW,CLT,23:15,23:14,-1
AA,03-11-2023,2952,N832AW,CLT,23:15,23:11,-4
AA,03-12-2023,876,N702UW,CLT,17:44,17:37,-7
AA,03-12-2023,2952,N815AW,CLT,23:15,23:24,9
AA,03/13/2023,876,N753US,CLT,17:44,17:35,-9
AA,03/13/2023,2952,N820AW,CLT,23:15,23:23,8
AA,03/14/2023,876,N725UW,CLT,17:44,17:40,-4
AA,03/14/2023,2952,N824AW,CLT,21:17,21:09,-8
AA,03/15/2023,876,N824AW,CLT,17:44,17:47,3
AA,03/15/2023,2952,N823AW,CLT,23:15,23:41,26
AA,03/16/2023,876,N745VJ,CLT,17:44,17:40,-4
AA,03/16/2023,2952,N758US,CLT,23:15,23:03,-12
AA,03/17/2023,876,N704US,CLT,17:44,17:49,5
AA,03/17/2023,2952,N9029F,CLT,23:15,23:05,-10
AA,03/18/2023,2952,N828AW,CLT,23:15,22:59,-16
AA,03/19/2023,876,N767UW,CLT,17:44,17:30,-14
AA,03/19/2023,2952,N755US,CLT,23:15,22:57,-18
AA,03/20/2023,876,N705UW,CLT,17:44,17:33,-11
AA,03/20/2023,2952,N835AW,CLT,23:15,23:01,-14
AA,03/21/2023,876,N709UW,CLT,17:44,17:37,-7
AA,03/21/2023,2952,N755US,CLT,21:17,21:04,-13
AA,03/22/2023,876,N722US,CLT,17:44,17:53,9
AA,03/22/2023,2952,N803AW,CLT,23:15,23:07,-8
AA,03/23/2023,876,N708UW,CLT,17:44,17:42,-2
AA,03/23/2023,2952,N740UW,CLT,23:15,23:04,-11
AA,03/24/2023,876,N717UW,CLT,17:44,19:25,101
AA,03/24/2023,2952,N725UW,CLT,23:15,23:09,-6
AA,03/25/2023,2952,N809AW,CLT,23:15,23:57,42
AA,03/26/2023,876,N703UW,CLT,17:44,18:28,44
AA,03/26/2023,2952,N814AW,CLT,23:15,23:05,-10
AA,03/27/2023,876,N721UW,CLT,17:44,17:32,-12
AA,03/27/2023,2952,N177XF,CLT,23:15,23:02,-13
AA,03/28/2023,876,N825AW,CLT,17:44,17:43,-1
AA,03/28/2023,2952,N835AW,CLT,21:17,21:09,-8
AA,03/29/2023,876,N721UW,CLT,17:44,17:30,-14
AA,03/29/2023,2952,N708UW,CLT,23:15,23:01,-14
AA,03/30/2023,876,N754UW,CLT,17:44,17:37,-7
AA,03/30/2023,2952,N758US,CLT,23:15,23:00,-15
AA,03/31/2023,876,N767UW,CLT,17:44,17:51,7
AA,03/31/2023,2952,N12028,CLT,23:15,23:08,-7
AA,04-01-2023,2952,N760US,CLT,23:15,22:58,-17
AA,04-02-2023,876,N772XF,CLT,17:44,18:37,53
AA,04-02-2023,2952,N840AW,CLT,23:15,23:10,-5
AA,04-03-2023,876,N723UW,CLT,17:44,17:54,10
AA,04-03-2023,2952,N823AW,CLT,23:15,23:16,1
AA,04-04-2023,812,N764US,DFW,15:38,15:30,-8
AA,04-04-2024,839,N9018E,DFW,16:30,21:15,285
AA,04-05-2023,812,N764US,DFW,15:36,16:56,80
AA,04-05-2024,839,N122US,DFW,16:30,16:26,-4
AA,04-06-2023,812,N745VJ,DFW,15:36,15:23,-13
AA,04-07-2023,812,N760US,DFW,15:36,15:32,-4
AA,04-08-2023,812,N702UW,DFW,15:36,15:29,-7
AA,04-09-2023,812,N775XF,DFW,15:36,15:40,4
AA,04-09-2024,839,N111US,DFW,16:30,16:58,28
AA,04-10-2023,812,N702UW,DFW,15:36,15:28,-8
AA,04-10-2024,839,N112US,DFW,16:30,19:41,191
AA,04-11-2023,812,N755US,DFW,15:38,16:24,46
AA,04-12-2023,812,N833AW,DFW,15:36,15:38,2
AA,04-12-2024,839,N657AW,DFW,16:30,16:22,-8
AA,04/13/2023,812,N763US,DFW,15:36,21:52,376
AA,04/14/2023,812,N838AW,DFW,15:36,15:45,9
AA,04/15/2023,812,N837AW,DFW,15:36,16:00,24
AA,04/15/2024,839,N604AW,DFW,16:30,18:53,143
AA,04/16/2023,812,N817AW,DFW,15:36,15:38,2
AA,04/17/2023,812,N817AW,DFW,15:36,15:45,9
AA,04/17/2024,839,N668AW,DFW,16:30,16:27,-3
AA,04/18/2023,812,N817AW,DFW,15:38,16:05,27
AA,04/18/2024,839,N668AW,DFW,16:30,18:09,99
AA,04/19/2023,812,N778XF,DFW,15:36,15:26,-10
AA,04/20/2023,812,N830AW,DFW,15:36,16:48,72
AA,04/20/2024,839,N659AW,DFW,16:30,00:00,0
AA,04/21/2023,812,N822AW,DFW,15:36,15:35,-1
AA,04/22/2023,812,N835AW,DFW,15:36,15:20,-16
AA,04/23/2023,812,N714US,DFW,15:36,15:15,-21
AA,04/24/2023,812,N764US,DFW,15:36,15:34,-2
AA,04/24/2024,839,N118US,DFW,16:30,16:24,-6
AA,04/25/2023,812,N806AW,DFW,15:38,15:40,2
AA,04/26/2023,812,N817AW,DFW,15:36,18:20,164
AA,04/26/2024,839,N650AW,DFW,16:30,17:54,84
AA,04/27/2023,812,N166NN,DFW,15:36,15:25,-11
AA,04/28/2023,812,N809AW,DFW,15:36,15:34,-2
AA,04/29/2023,812,N754UW,DFW,15:36,15:28,-8
AA,04/30/2023,812,N725UW,DFW,15:36,00:00,0
AA,05-01-2023,812,N754UW,DFW,15:36,15:43,7
AA,05-01-2024,839,N102UW,DFW,16:30,18:00,90
AA,05-02-2023,812,N742PS,DFW,15:38,15:32,-6
AA,05-02-2024,839,N125UW,DFW,16:30,18:25,115
AA,05-03-2023,812,N772XF,DFW,15:36,15:36,0
AA,05-03-2024,839,N673AW,DFW,16:30,18:00,90
AA,05-04-2023,812,N776XF,DFW,15:36,15:24,-12
AA,05-04-2024,839,N126UW,DFW,16:30,16:25,-5
AA,05-05-2023,739,N835AW,DFW,15:48,17:10,82
AA,05-05-2023,750,N764US,CLT,19:19,19:15,-4
AA,05-05-2023,769,N701UW,CLT,13:55,14:16,21
AA,05-05-2023,2730,N732US,CLT,10:24,10:20,-4
AA,05-05-2023,2952,N767UW,CLT,23:41,23:58,17
AA,05-05-2024,839,N652AW,DFW,16:30,16:44,14
AA,05-06-2023,739,N9021H,DFW,15:48,15:32,-16
AA,05-06-2023,2952,N119US,CLT,23:41,23:40,-1
AA,05-06-2024,216,N723UW,CLT,17:49,17:52,3
AA,05-06-2024,535,N713UW,CLT,23:24,23:59,35
AA,05-06-2024,2311,N649AW,DFW,15:43,15:47,4
AA,05-07-2023,739,N756US,DFW,15:48,15:18,-30
AA,05-07-2023,750,N801AW,CLT,19:19,22:33,0
AA,05-07-2023,769,N822AW,CLT,13:55,14:03,8
AA,05-07-2023,2730,N722US,CLT,10:24,10:22,-2
AA,05-07-2023,2952,N755US,CLT,23:41,00:10,29
AA,05-07-2024,216,N703UW,CLT,17:52,18:12,20
AA,05-07-2024,535,N830AW,CLT,23:28,23:29,1
AA,05-07-2024,2311,N123UW,DFW,15:43,15:51,8
AA,05-08-2023,739,N709UW,DFW,15:48,15:31,-17
AA,05-08-2023,750,N725UW,CLT,19:19,19:11,-8
AA,05-08-2023,769,N769US,CLT,13:55,13:44,-11
AA,05-08-2023,2730,N123UW,CLT,10:24,10:13,-11
AA,05-08-2023,2952,N807AW,CLT,23:41,06:42,421
AA,05-08-2024,216,N713UW,CLT,17:52,19:16,84
AA,05-08-2024,535,N746UW,CLT,23:19,06:42,0
AA,05-08-2024,2311,N659AW,DFW,15:43,15:40,-3
AA,05-09-2023,739,N765US,DFW,15:48,16:04,16
AA,05-09-2023,750,N831AW,CLT,19:17,19:16,-1
AA,05-09-2023,769,N723UW,CLT,13:55,16:57,182
AA,05-09-2023,2730,N775XF,CLT,10:24,10:44,20
AA,05-09-2024,216,N713UW,CLT,17:52,19:19,87
AA,05-09-2024,535,N724UW,CLT,23:23,23:26,3
AA,05-09-2024,2311,N103US,DFW,15:43,15:32,-11
AA,05-10-2023,739,N762US,DFW,15:48,15:51,3
AA,05-10-2023,750,N818AW,CLT,19:19,20:52,93
AA,05-10-2023,769,N778XF,CLT,13:55,13:46,-9
AA,05-10-2023,2730,N831AW,CLT,10:24,10:10,-14
AA,05-10-2023,2952,N738US,CLT,23:41,23:29,-12
AA,05-10-2024,216,N755US,CLT,17:59,20:49,170
AA,05-10-2024,535,N802AW,CLT,23:19,23:47,28
AA,05-10-2024,2311,N124US,DFW,15:43,15:24,-19
AA,05-11-2023,739,N820AW,DFW,15:48,15:49,1
AA,05-11-2023,750,N712US,CLT,19:19,19:18,-1
AA,05-11-2023,769,N768US,CLT,13:55,13:45,-10
AA,05-11-2023,2730,N752US,CLT,10:24,10:23,-1
AA,05-11-2023,2952,N752US,CLT,23:41,23:42,1
AA,05-11-2024,216,N721UW,CLT,19:08,19:11,3
AA,05-11-2024,535,N804AW,CLT,23:19,23:14,-5
AA,05-11-2024,2311,N664AW,DFW,15:43,15:48,5
AA,05-12-2023,739,N773XF,DFW,15:48,18:15,147
AA,05-12-2023,750,N737US,CLT,19:19,19:09,-10
AA,05-12-2023,769,N775XF,CLT,13:55,13:53,-2
AA,05-12-2023,2730,N724UW,CLT,10:24,10:19,-5
AA,05-12-2023,2952,N724UW,CLT,23:41,23:57,16
AA,05-12-2024,216,N802AW,CLT,17:52,17:55,3
AA,05-12-2024,535,N716UW,CLT,23:19,23:41,22
AA,05-12-2024,2311,N119US,DFW,15:43,17:50,127
AA,05/13/2023,739,N836AW,DFW,15:48,15:32,-16
AA,05/13/2023,2952,N748UW,CLT,23:41,01:54,133
AA,05/13/2024,216,N749US,CLT,17:52,17:48,-4
AA,05/13/2024,535,N710UW,CLT,23:24,07:11,0
AA,05/13/2024,2311,N663AW,DFW,15:43,15:31,-12
AA,05/14/2023,739,N730US,DFW,15:48,16:12,24
AA,05/14/2023,750,N742PS,CLT,19:19,19:54,35
AA,05/14/2023,769,N822AW,CLT,13:54,17:16,202
AA,05/14/2023,2730,N703UW,CLT,10:24,10:13,-11
AA,05/14/2023,2952,N822AW,CLT,23:41,02:46,185
AA,05/14/2024,216,N716UW,CLT,17:52,17:50,-2
AA,05/14/2024,535,N749US,CLT,23:19,23:29,10
AA,05/14/2024,2311,N121UW,DFW,15:43,15:28,-15
AA,05/15/2023,739,N751UW,DFW,15:48,15:40,-8
AA,05/15/2023,750,N822AW,CLT,19:19,19:20,1
AA,05/15/2023,769,N762US,CLT,13:55,14:32,37
AA,05/15/2023,2730,N813AW,CLT,10:24,10:35,11
AA,05/15/2023,2952,N748UW,CLT,23:41,23:44,3
AA,05/15/2024,216,N721UW,CLT,17:52,00:00,0
AA,05/15/2024,535,N760US,CLT,23:19,23:32,13
AA,05/15/2024,2311,N661AW,DFW,15:43,16:07,24
AA,05/16/2023,739,N775XF,DFW,15:48,15:40,-8
AA,05/16/2023,750,N9018E,CLT,19:17,19:03,-14
AA,05/16/2023,769,N774XF,CLT,13:55,13:47,-8
AA,05/16/2023,2730,N766US,CLT,10:24,10:24,0
AA,05/16/2024,216,N711UW,CLT,17:52,18:05,13
AA,05/16/2024,535,N835AW,CLT,23:23,06:15,412
AA,05/16/2024,2311,N653AW,DFW,15:43,16:28,45
AA,05/17/2023,739,N767UW,DFW,15:48,15:58,10
AA,05/17/2023,750,N714US,CLT,19:19,19:11,-8
AA,05/17/2023,769,N772XF,CLT,13:55,15:19,84
AA,05/17/2023,2730,N722US,CLT,10:24,10:20,-4
AA,05/17/2023,2952,N801AW,CLT,23:41,23:30,-11
AA,05/17/2024,216,N9023N,CLT,17:52,21:04,192
AA,05/17/2024,535,N9004F,CLT,23:19,01:28,129
AA,05/17/2024,2311,N114UW,DFW,15:43,16:08,25
AA,05/18/2023,739,N708UW,DFW,15:48,16:02,14
AA,05/18/2023,750,N773XF,CLT,19:19,19:22,3
AA,05/18/2023,769,N823AW,CLT,13:55,13:59,4
AA,05/18/2023,2730,N838AW,CLT,10:24,10:21,-3
AA,05/18/2023,2952,N737US,CLT,23:41,06:03,382
AA,05/18/2024,216,N775XF,CLT,19:08,19:29,21
AA,05/18/2024,535,N723UW,CLT,23:19,23:05,-14
AA,05/18/2024,2311,N680AW,DFW,15:43,15:36,-7
AA,05/19/2023,739,N817AW,DFW,15:48,15:36,-12
AA,05/19/2023,750,N824AW,CLT,19:19,20:21,62
AA,05/19/2023,769,N749US,CLT,13:55,13:54,-1
AA,05/19/2023,2730,N774XF,CLT,10:24,10:20,-4
AA,05/19/2023,2952,N774XF,CLT,23:41,23:42,1
AA,05/19/2024,216,N771XF,CLT,17:52,18:06,14
AA,05/19/2024,535,N828AW,CLT,23:19,23:06,-13
AA,05/19/2024,2311,N667AW,DFW,15:43,15:47,4
AA,05/20/2023,739,N762US,DFW,15:48,15:42,-6
AA,05/20/2023,2952,N673AW,CLT,23:41,23:36,-5
AA,05/20/2024,216,N753US,CLT,17:52,18:31,39
AA,05/20/2024,535,N824AW,CLT,23:24,07:31,487
AA,05/20/2024,2311,N669AW,DFW,15:43,15:36,-7
AA,05/21/2023,739,N751UW,DFW,15:48,15:37,-11
AA,05/21/2023,750,N749US,CLT,19:19,19:37,18
AA,05/21/2023,769,N764US,CLT,13:55,13:46,-9
AA,05/21/2023,2730,N839AW,CLT,10:24,10:26,2
AA,05/21/2023,2952,N745VJ,CLT,23:41,23:27,-14
AA,05/21/2024,216,N704US,CLT,17:52,18:16,24
AA,05/21/2024,535,N755US,CLT,23:28,23:56,28
AA,05/21/2024,2311,N121UW,DFW,15:43,15:37,-6
AA,05/22/2023,739,N806AW,DFW,15:48,15:29,-19
AA,05/22/2023,750,N741UW,CLT,19:19,19:05,-14
AA,05/22/2023,769,N745VJ,CLT,13:55,14:11,16
AA,05/22/2023,2730,N747UW,CLT,10:24,10:18,-6
AA,05/22/2023,2952,N722US,CLT,23:41,23:37,-4
AA,05/22/2024,216,N730US,CLT,17:52,19:55,123
AA,05/22/2024,535,N705UW,CLT,23:28,23:54,26
AA,05/22/2024,2311,N107US,DFW,15:43,15:26,-17
AA,05/23/2023,739,N740UW,DFW,15:48,15:30,-18
AA,05/23/2023,750,N839AW,CLT,19:17,19:06,-11
AA,05/23/2023,769,N701UW,CLT,13:55,13:42,-13
AA,05/23/2023,2730,N824AW,CLT,10:24,10:35,11
AA,05/23/2024,216,N756US,CLT,17:52,18:17,25
AA,05/23/2024,535,N709UW,CLT,23:19,23:07,-12
AA,05/23/2024,2311,N656AW,DFW,15:43,16:12,29
AA,05/24/2023,739,N835AW,DFW,15:48,15:39,-9
AA,05/24/2023,750,N840AW,CLT,19:19,19:20,1
AA,05/24/2023,769,N752US,CLT,13:55,14:15,20
AA,05/24/2023,2730,N722US,CLT,10:24,10:23,-1
AA,05/24/2023,2952,N839AW,CLT,23:41,23:35,-6
AA,05/24/2024,216,N703UW,CLT,17:52,18:17,25
AA,05/24/2024,535,N712US,CLT,23:19,00:07,48
AA,05/24/2024,2311,N650AW,DFW,15:43,15:40,-3
AA,05/25/2023,739,N823AW,DFW,15:48,15:32,-16
AA,05/25/2023,750,N821AW,CLT,19:19,19:10,-9
AA,05/25/2023,769,N813AW,CLT,13:55,13:43,-12
AA,05/25/2023,2730,N714US,CLT,10:24,10:22,-2
AA,05/25/2023,2952,N177XF,CLT,23:41,23:42,1
AA,05/25/2024,216,N709UW,CLT,19:08,20:00,52
AA,05/25/2024,535,N709UW,CLT,23:19,23:05,-14
AA,05/25/2024,2311,N651AW,DFW,15:43,15:45,2
AA,05/26/2023,739,N833AW,DFW,15:48,15:33,-15
AA,05/26/2023,750,N769US,CLT,19:19,19:09,-10
AA,05/26/2023,769,N747UW,CLT,13:55,13:46,-9
AA,05/26/2023,2730,N177XF,CLT,10:24,10:07,-17
AA,05/26/2023,2952,N723UW,CLT,23:41,23:40,-1
AA,05/26/2024,216,N819AW,CLT,17:52,17:55,3
AA,05/26/2024,535,N749US,CLT,23:19,23:36,17
AA,05/26/2024,2311,N661AW,DFW,15:43,15:33,-10
AA,05/27/2023,739,N742PS,DFW,15:48,15:39,-9
AA,05/27/2023,2594,N710UW,CLT,19:17,19:05,-12
AA,05/27/2024,216,N721UW,CLT,17:52,17:45,-7
AA,05/27/2024,535,N723UW,CLT,23:24,23:58,34
AA,05/27/2024,2311,N650AW,DFW,15:43,19:39,236
AA,05/28/2023,739,N823AW,DFW,15:48,15:52,4
AA,05/28/2023,750,N704US,CLT,19:19,19:36,17
AA,05/28/2023,769,N724UW,CLT,13:55,13:52,-3
AA,05/28/2023,2730,N708UW,CLT,10:24,10:12,-12
AA,05/28/2023,2952,N738US,CLT,23:41,23:35,-6
AA,05/28/2024,216,N809AW,CLT,17:52,19:15,83
AA,05/28/2024,535,N732US,CLT,23:19,00:00,0
AA,05/28/2024,2311,N680AW,DFW,15:43,16:53,70
AA,05/29/2023,739,N775XF,DFW,15:48,15:33,-15
AA,05/29/2023,750,N815AW,CLT,19:19,20:22,63
AA,05/29/2023,769,N768US,CLT,13:55,13:42,-13
AA,05/29/2023,2730,N752US,CLT,10:24,10:15,-9
AA,05/29/2023,2952,N723UW,CLT,23:41,23:40,-1
AA,05/29/2024,216,N835AW,CLT,17:52,17:58,6
AA,05/29/2024,535,N705UW,CLT,23:19,23:56,37
AA,05/29/2024,2311,N654AW,DFW,15:43,15:20,-23
AA,05/30/2023,739,N833AW,DFW,15:48,15:39,-9
AA,05/30/2023,750,N703UW,CLT,19:17,19:09,-8
AA,05/30/2023,769,N716UW,CLT,13:55,13:56,1
AA,05/30/2023,2730,N9010R,CLT,10:24,10:18,-6
AA,05/30/2024,216,N709UW,CLT,17:52,17:40,-12
AA,05/30/2024,535,N737US,CLT,23:24,23:09,-15
AA,05/30/2024,2311,N604AW,DFW,15:43,00:00,0
AA,05/31/2023,739,N762US,DFW,15:48,19:37,229
AA,05/31/2023,750,N703UW,CLT,19:19,19:48,29
AA,05/31/2023,769,N804AW,CLT,13:55,13:52,-3
AA,05/31/2023,2730,N724UW,CLT,10:24,10:28,4
AA,05/31/2023,2952,N716UW,CLT,23:41,23:31,-10
AA,05/31/2024,216,N804AW,CLT,17:52,17:50,-2
AA,05/31/2024,535,N825AW,CLT,23:29,23:21,-8
AA,05/31/2024,2311,N669AW,DFW,15:43,00:00,0
AA,06-01-2023,364,N832AW,CLT,13:51,13:37,-14
AA,06-01-2023,535,N832AW,CLT,23:47,23:39,-8
AA,06-01-2023,739,N9023N,CLT,21:47,21:31,-16
AA,06-01-2023,884,N117UW,DFW,15:52,15:32,-20
AA,06-01-2023,1402,N9023N,CLT,17:15,17:16,1
AA,06-01-2024,216,N737US,CLT,19:08,19:20,12
AA,06-01-2024,535,N737US,CLT,23:19,06:08,409
AA,06-01-2024,2311,N118US,DFW,15:43,18:37,174
AA,06-02-2023,364,N738US,CLT,13:51,13:55,4
AA,06-02-2023,535,N738US,CLT,23:47,08:33,526
AA,06-02-2023,739,N744P,CLT,21:47,21:58,11
AA,06-02-2023,884,N651AW,DFW,15:52,15:40,-12
AA,06-02-2023,1402,N723UW,CLT,17:15,20:08,173
AA,06-02-2024,216,N824AW,CLT,17:52,17:58,6
AA,06-02-2024,535,N723UW,CLT,23:19,00:08,49
AA,06-02-2024,2311,N121UW,DFW,15:43,16:18,35
AA,06-03-2022,2591,N701UW,CLT,12:17,12:04,-13
AA,06-03-2023,364,N118US,CLT,13:52,13:34,-18
AA,06-03-2023,535,N746UW,CLT,21:47,21:38,-9
AA,06-03-2023,739,N8027D,CLT,23:47,00:21,34
AA,06-03-2023,884,N110UW,DFW,15:35,15:25,-10
AA,06-03-2024,216,N824AW,CLT,17:52,18:02,10
AA,06-03-2024,535,N773XF,CLT,23:24,22:55,-29
AA,06-03-2024,2311,N122US,DFW,15:43,16:25,42
AA,06-04-2022,790,N768US,CLT,13:42,13:33,-9
AA,06-04-2023,364,N746UW,CLT,13:51,13:35,-16
AA,06-04-2023,535,N12028,CLT,23:47,00:55,68
AA,06-04-2023,739,N771XF,CLT,21:47,21:51,4
AA,06-04-2023,884,N604AW,DFW,15:52,15:42,-10
AA,06-04-2023,1402,N90024,CLT,17:15,17:27,12
AA,06-04-2024,216,N805AW,CLT,17:52,18:19,27
AA,06-04-2024,535,N828AW,CLT,23:19,01:14,115
AA,06-04-2024,2311,N659AW,DFW,15:43,15:53,10
AA,06-05-2022,2591,N732US,CLT,12:17,12:05,-12
AA,06-05-2023,364,N840AW,CLT,13:51,14:07,16
AA,06-05-2023,535,N9011P,CLT,23:47,23:44,-3
AA,06-05-2023,739,N764US,CLT,21:47,21:39,-8
AA,06-05-2023,884,N102UW,DFW,15:52,15:38,-14
AA,06-05-2023,1402,N679AW,CLT,17:15,18:56,101
AA,06-05-2024,569,N653AW,DFW,15:48,19:37,229
AA,06-05-2024,689,N820AW,CLT,21:23,22:45,82
AA,06-06-2022,2591,N762US,CLT,12:17,12:16,-1
AA,06-06-2023,364,N584UW,CLT,13:51,13:41,-10
AA,06-06-2023,739,N723UW,CLT,23:47,23:28,-19
AA,06-06-2023,884,N660AW,DFW,15:52,15:36,-16
AA,06-06-2023,1129,N8027D,CLT,19:21,19:24,3
AA,06-06-2023,1402,N9026C,CLT,17:15,17:05,-10
AA,06-06-2024,569,N665AW,DFW,15:48,15:39,-9
AA,06-06-2024,689,N830AW,CLT,21:23,21:50,27
AA,06-07-2022,2591,N825AW,CLT,12:17,11:57,-20
AA,06-07-2023,364,N723UW,CLT,13:51,17:12,201
AA,06-07-2023,739,N702UW,CLT,23:47,23:30,-17
AA,06-07-2023,884,N669AW,DFW,15:52,15:47,-5
AA,06-07-2023,1129,N9023N,CLT,19:21,19:15,-6
AA,06-07-2023,1402,N737US,CLT,17:15,17:58,43
AA,06-07-2024,569,N114UW,DFW,15:48,21:58,370
AA,06-07-2024,689,N3014R,CLT,21:23,22:44,81
AA,06-08-2022,2591,N722US,CLT,12:17,12:14,-3
AA,06-08-2023,364,N702UW,CLT,13:51,13:35,-16
AA,06-08-2023,535,N9008U,CLT,21:08,21:09,1
AA,06-08-2023,739,N770UW,CLT,23:47,23:53,6
AA,06-08-2023,884,N658AW,DFW,15:52,15:32,-20
AA,06-08-2023,1402,N679AW,CLT,17:15,17:15,0
AA,06-08-2024,569,N151UW,DFW,15:40,15:45,5
AA,06-08-2024,689,N805AW,CLT,21:23,21:12,-11
AA,06-09-2022,2591,N712US,CLT,12:17,12:12,-5
AA,06-09-2023,364,N742PS,CLT,13:51,13:37,-14
AA,06-09-2023,535,N772XF,CLT,21:08,20:54,-14
AA,06-09-2023,739,N9011P,CLT,23:47,23:34,-13
AA,06-09-2023,884,N122US,DFW,15:52,15:40,-12
AA,06-09-2023,1402,N111US,CLT,17:15,17:10,-5
AA,06-09-2024,569,N655AW,DFW,15:48,15:55,7
AA,06-09-2024,689,N12028,CLT,21:23,21:43,20
AA,06-10-2022,2591,N740UW,CLT,12:17,11:55,-22
AA,06-10-2023,359,N90024,CLT,22:06,22:28,22
AA,06-10-2023,364,N652AW,CLT,13:52,13:49,-3
AA,06-10-2023,739,N823AW,CLT,23:47,23:47,0
AA,06-10-2023,884,N653AW,DFW,15:35,17:31,116
AA,06-10-2024,569,N668AW,DFW,15:48,15:17,-31
AA,06-10-2024,689,N716UW,CLT,21:23,22:34,71
AA,06-11-2022,790,N802AW,CLT,13:42,13:39,-3
AA,06-11-2023,364,N767UW,CLT,13:51,13:47,-4
AA,06-11-2023,535,N12028,CLT,21:08,21:03,-5
AA,06-11-2023,739,N767UW,CLT,23:47,23:46,-1
AA,06-11-2023,884,N122US,DFW,15:52,15:38,-14
AA,06-11-2023,1402,N649AW,CLT,17:15,17:34,19
AA,06-11-2024,569,N127UW,DFW,15:48,15:27,-21
AA,06-11-2024,689,N705UW,CLT,21:23,21:13,-10
AA,06-12-2022,2591,N703UW,CLT,12:17,12:09,-8
AA,06-12-2023,364,N813AW,CLT,13:51,14:20,29
AA,06-12-2023,535,N9029F,CLT,21:08,22:31,83
AA,06-12-2023,739,N822AW,CLT,23:47,23:40,-7
AA,06-12-2023,884,N122US,DFW,15:52,15:44,-8
AA,06-12-2023,1402,N8027D,CLT,17:15,17:22,7
AA,06-12-2024,569,N9015D,DFW,15:48,16:51,63
AA,06-12-2024,689,N9012,CLT,21:23,21:14,-9
AA,06/13/2022,2591,N723UW,CLT,12:17,12:24,7
AA,06/13/2023,364,N660AW,CLT,13:51,14:07,16
AA,06/13/2023,739,N773XF,CLT,23:47,23:43,-4
AA,06/13/2023,884,N604AW,DFW,15:52,18:01,129
AA,06/13/2023,1129,N9026C,CLT,19:21,19:16,-5
AA,06/13/2023,1402,N704US,CLT,17:15,17:07,-8
AA,06/13/2024,569,N673AW,DFW,15:48,16:01,13
AA,06/13/2024,689,N755US,CLT,21:23,21:43,20
AA,06/14/2022,2591,N755US,CLT,12:17,12:14,-3
AA,06/14/2023,364,N773XF,CLT,13:51,13:42,-9
AA,06/14/2023,739,N773XF,CLT,23:47,23:19,-28
AA,06/14/2023,884,N664AW,DFW,15:52,16:23,31
AA,06/14/2023,1129,N9021H,CLT,19:21,19:14,-7
AA,06/14/2023,1402,N812AW,CLT,17:15,18:00,45
AA,06/14/2024,569,N604AW,DFW,15:48,15:37,-11
AA,06/14/2024,689,N771XF,CLT,21:23,21:26,3
AA,06/15/2022,2591,N802AW,CLT,12:17,12:06,-11
AA,06/15/2023,364,N808AW,CLT,13:51,13:46,-5
AA,06/15/2023,535,N9012,CLT,21:08,21:01,-7
AA,06/15/2023,739,N112US,CLT,23:47,13:32,825
AA,06/15/2023,884,N647AW,DFW,15:52,15:33,-19
AA,06/15/2023,1402,N119US,CLT,17:15,17:13,-2
AA,06/15/2024,569,N537UW,DFW,15:40,15:26,-14
AA,06/15/2024,689,N723UW,CLT,21:23,22:35,72
AA,06/16/2022,2591,N715UW,CLT,12:17,12:01,-16
AA,06/16/2023,364,N773XF,CLT,13:51,14:34,43
AA,06/16/2023,535,N9026C,CLT,21:08,20:54,-14
AA,06/16/2023,739,N737US,CLT,23:47,23:38,-9
AA,06/16/2023,884,N128UW,DFW,15:52,18:37,165
AA,06/16/2023,1402,N114UW,CLT,17:15,16:58,-17
AA,06/16/2024,569,N119US,DFW,15:48,23:29,461
AA,06/16/2024,689,N716UW,CLT,21:23,21:43,20
AA,06/17/2022,2591,N716UW,CLT,12:17,12:06,-11
AA,06/17/2023,359,N9023N,CLT,22:06,23:38,92
AA,06/17/2023,364,N109UW,CLT,13:52,13:49,-3
AA,06/17/2023,739,N711UW,CLT,23:47,23:57,10
AA,06/17/2023,884,N680AW,DFW,15:35,15:56,21
AA,06/17/2024,569,N673AW,DFW,15:48,15:41,-7
AA,06/17/2024,689,N823AW,CLT,21:23,21:09,-14
AA,06/18/2022,790,N764US,CLT,13:42,13:35,-7
AA,06/18/2023,364,N773XF,CLT,13:51,13:41,-10
AA,06/18/2023,535,N9008U,CLT,21:08,20:52,-16
AA,06/18/2023,739,N742PS,CLT,23:47,00:14,27
AA,06/18/2023,884,N128UW,DFW,15:52,15:27,-25
AA,06/18/2023,1402,N114UW,CLT,17:15,17:08,-7
AA,06/18/2024,569,N127UW,DFW,15:48,15:32,-16
AA,06/18/2024,689,N704US,CLT,21:23,21:07,-16
AA,06/19/2022,2591,N802AW,CLT,12:17,12:18,1
AA,06/19/2023,364,N724UW,CLT,13:51,00:00,0
AA,06/19/2023,535,N9012,CLT,21:08,20:57,-11
AA,06/19/2023,739,N771XF,CLT,23:47,23:52,5
AA,06/19/2023,884,N604AW,DFW,15:52,15:30,-22
AA,06/19/2023,1402,N9008U,CLT,17:15,18:18,63
AA,06/19/2024,569,N102UW,DFW,15:48,15:35,-13
AA,06/19/2024,689,N724UW,CLT,21:23,22:34,71
AA,06/20/2022,2591,N711UW,CLT,12:17,12:12,-5
AA,06/20/2023,364,N818AW,CLT,13:14,13:09,-5
AA,06/20/2023,739,N724UW,CLT,23:47,23:39,-8
AA,06/20/2023,884,N655AW,DFW,15:52,15:34,-18
AA,06/20/2023,1129,N9021H,CLT,19:21,19:08,-13
AA,06/20/2023,1402,N818AW,CLT,17:15,17:18,3
AA,06/20/2024,569,N668AW,DFW,15:48,16:03,15
AA,06/20/2024,689,N4032T,CLT,21:23,21:16,-7
AA,06/21/2022,2591,N755US,CLT,12:17,11:48,-29
AA,06/21/2023,364,N818AW,CLT,13:14,13:03,-11
AA,06/21/2023,535,N4005X,CLT,21:08,21:16,8
AA,06/21/2023,739,N714US,CLT,23:47,23:56,9
AA,06/21/2023,884,N9029F,DFW,15:52,19:30,218
AA,06/21/2023,1402,N9015D,CLT,17:15,17:35,20
AA,06/21/2024,569,N665AW,DFW,15:48,15:37,-11
AA,06/21/2024,689,N8031M,CLT,21:23,21:12,-11
AA,06/22/2022,2591,N9017P,CLT,12:17,13:25,68
AA,06/22/2023,364,N818AW,CLT,13:51,13:40,-11
AA,06/22/2023,535,N9026C,CLT,21:08,21:55,47
AA,06/22/2023,739,N828AW,CLT,23:47,03:29,222
AA,06/22/2023,884,N665AW,DFW,15:52,16:54,62
AA,06/22/2023,1402,N103US,CLT,17:15,18:00,45
AA,06/22/2024,569,N970UY,DFW,15:40,15:37,-3
AA,06/22/2024,689,N809AW,CLT,21:23,23:16,113
AA,06/23/2022,2591,N753US,CLT,12:17,12:16,-1
AA,06/23/2023,364,N713UW,CLT,13:51,13:51,0
AA,06/23/2023,535,N9021H,CLT,21:08,21:05,-3
AA,06/23/2023,739,N768US,CLT,23:47,01:37,110
AA,06/23/2023,884,N655AW,DFW,15:52,16:35,43
AA,06/23/2023,1402,N124US,CLT,17:15,17:55,40
AA,06/23/2024,569,N680AW,DFW,15:48,15:48,0
AA,06/23/2024,689,N831AW,CLT,21:23,22:51,88
AA,06/24/2022,2591,N771XF,CLT,12:17,12:30,13
AA,06/24/2023,359,N12028,CLT,22:06,22:37,31
AA,06/24/2023,364,N128UW,CLT,13:52,13:55,3
AA,06/24/2023,739,N714US,CLT,23:47,08:07,500
AA,06/24/2023,884,N664AW,DFW,15:35,15:49,14
AA,06/24/2024,569,N654AW,DFW,15:48,17:43,115
AA,06/24/2024,689,N732US,CLT,21:23,21:07,-16
AA,06/25/2022,790,N771XF,CLT,13:42,13:37,-5
AA,06/25/2023,364,N126UW,CLT,13:51,13:49,-2
AA,06/25/2023,535,N8030F,CLT,21:08,21:10,2
AA,06/25/2023,739,N770UW,CLT,23:47,02:26,159
AA,06/25/2023,884,N110UW,DFW,15:52,16:20,28
AA,06/25/2023,1402,N103US,CLT,17:15,18:21,66
AA,06/25/2024,569,N680AW,DFW,15:48,16:32,44
AA,06/25/2024,689,N703UW,CLT,21:23,21:03,-20
AA,06/26/2022,2591,N702UW,CLT,12:17,12:22,5
AA,06/26/2023,364,N818AW,CLT,13:51,13:44,-7
AA,06/26/2023,535,N9013A,CLT,21:08,20:55,-13
AA,06/26/2023,739,N732US,CLT,23:47,23:55,8
AA,06/26/2023,884,N660AW,DFW,15:52,15:34,-18
AA,06/26/2023,1402,N9011P,CLT,17:15,17:20,5
AA,06/26/2024,569,N110UW,DFW,15:48,20:15,267
AA,06/26/2024,689,N766US,CLT,21:23,21:11,-12
AA,06/27/2022,2591,N722US,CLT,12:17,11:59,-18
AA,06/27/2023,364,N818AW,CLT,13:14,13:02,-12
AA,06/27/2023,739,N713UW,CLT,23:47,00:07,20
AA,06/27/2023,884,N659AW,DFW,15:52,15:41,-11
AA,06/27/2023,1129,N9011P,CLT,19:21,19:55,34
AA,06/27/2023,1402,N818AW,CLT,17:15,17:41,26
AA,06/27/2024,569,N112US,DFW,15:48,15:33,-15
AA,06/27/2024,689,N713UW,CLT,21:23,21:13,-10
AA,06/28/2022,2591,N769US,CLT,12:17,12:04,-13
AA,06/28/2023,364,N744P,CLT,13:14,13:13,-1
AA,06/28/2023,535,N9025B,CLT,21:08,20:53,-15
AA,06/28/2023,739,N744P,CLT,23:47,23:46,-1
AA,06/28/2023,884,N659AW,DFW,15:52,15:39,-13
AA,06/28/2023,1402,N766US,CLT,17:15,17:16,1
AA,06/28/2024,569,N649AW,DFW,15:48,15:28,-20
AA,06/28/2024,689,N9026C,CLT,21:23,22:30,67
AA,06/29/2022,2591,N760US,CLT,12:17,12:05,-12
AA,06/29/2023,364,N732US,CLT,13:51,13:52,1
AA,06/29/2023,535,N9029F,CLT,21:08,20:54,-14
AA,06/29/2023,739,N740UW,CLT,23:47,23:34,-13
AA,06/29/2023,884,N658AW,DFW,15:52,16:31,39
AA,06/29/2023,1402,N9016,CLT,17:15,17:35,20
AA,06/29/2024,569,N458AL,DFW,15:40,15:51,11
AA,06/29/2024,689,N776XF,CLT,21:23,22:06,43
AA,06/30/2022,2591,N747UW,CLT,12:17,12:25,8
AA,06/30/2023,364,N708UW,CLT,13:51,13:48,-3
AA,06/30/2023,535,N8030F,CLT,21:08,21:02,-6
AA,06/30/2023,739,N708UW,CLT,23:47,23:39,-8
AA,06/30/2023,884,N125UW,DFW,15:52,15:53,1
AA,06/30/2023,1402,N655AW,CLT,17:15,19:16,121
AA,06/30/2024,569,N662AW,DFW,15:48,15:40,-8
AA,06/30/2024,689,N730US,CLT,21:23,00:00,0
AA,07-01-2022,2591,N177XF,CLT,12:12,12:21,9
AA,07-01-2023,359,N9011P,CLT,22:06,22:28,22
AA,07-01-2023,364,N601AW,CLT,13:52,13:49,-3
AA,07-01-2023,739,N744P,CLT,23:47,23:54,7
AA,07-01-2023,884,N9019F,DFW,15:35,16:09,34
AA,07-01-2024,569,N658AW,DFW,15:48,15:27,-21
AA,07-01-2024,689,N742PS,CLT,21:23,22:01,38
AA,07-02-2022,790,N839AW,CLT,13:48,13:44,-4
AA,07-02-2023,364,N128UW,CLT,13:51,15:29,98
AA,07-02-2023,535,N8001N,CLT,21:08,20:57,-11
AA,07-02-2023,884,N104UW,DFW,15:52,16:18,26
AA,07-02-2023,1402,N663AW,CLT,17:15,17:20,5
AA,07-02-2024,569,N654AW,DFW,15:48,15:39,-9
AA,07-02-2024,689,N747UW,CLT,21:23,21:14,-9
AA,07-03-2022,2591,N765US,CLT,12:12,11:52,-20
AA,07-03-2023,364,N765US,CLT,13:51,13:45,-6
AA,07-03-2023,884,N123UW,DFW,15:52,15:34,-18
AA,07-03-2023,1402,N8009T,CLT,17:15,17:11,-4
AA,07-03-2023,2174,N4032T,CLT,19:07,20:05,58
AA,07-03-2024,569,N657AW,DFW,15:48,15:30,-18
AA,07-03-2024,689,N755US,CLT,21:23,22:14,51
AA,07-04-2022,2591,N733UW,CLT,12:12,12:04,-8
AA,07-04-2023,364,N705UW,CLT,13:51,13:35,-16
AA,07-04-2023,739,N705UW,CLT,21:12,21:55,43
AA,07-04-2023,884,N125UW,DFW,15:52,16:01,9
AA,07-04-2023,1129,N9025B,CLT,19:21,19:14,-7
AA,07-04-2023,1402,N773XF,CLT,17:15,18:39,84
AA,07-04-2024,569,N662AW,DFW,16:09,16:14,5
AA,07-05-2022,2591,N828AW,CLT,12:36,14:26,110
AA,07-05-2023,364,N709UW,CLT,13:50,13:35,-15
AA,07-05-2023,535,N103US,CLT,23:45,00:30,45
AA,07-05-2023,739,N9029F,CLT,21:02,22:21,79
AA,07-05-2023,884,N679AW,DFW,15:50,15:36,-14
AA,07-05-2023,998,N9004F,DFW,22:46,22:42,-4
AA,07-05-2023,1402,N8009T,CLT,17:16,21:36,260
AA,07-05-2024,569,N109UW,DFW,15:52,15:54,2
AA,07-05-2024,689,N756US,CLT,21:07,20:57,-10
AA,07-06-2022,2591,N828AW,CLT,12:36,14:54,138
AA,07-06-2023,364,N705UW,CLT,13:50,13:41,-9
AA,07-06-2023,535,N9013A,CLT,23:45,23:43,-2
AA,07-06-2023,739,N9023N,CLT,21:02,20:58,-4
AA,07-06-2023,884,N649AW,DFW,15:50,15:54,4
AA,07-06-2023,998,N8027D,DFW,22:46,00:01,75
AA,07-06-2023,1402,N9023N,CLT,17:16,17:34,18
AA,07-06-2024,569,N575UW,DFW,15:41,15:49,8
AA,07-06-2024,689,N709UW,CLT,21:23,21:56,33
AA,07-07-2022,2591,N713UW,CLT,12:12,12:00,-12
AA,07-07-2023,364,N836AW,CLT,13:50,13:57,7
AA,07-07-2023,535,N8030F,CLT,23:45,23:51,6
AA,07-07-2023,739,N9011P,CLT,21:02,20:52,-10
AA,07-07-2023,884,N664AW,DFW,15:50,18:14,144
AA,07-07-2023,998,N833AW,DFW,22:45,22:52,7
AA,07-07-2023,1402,N9011P,CLT,17:16,17:09,-7
AA,07-07-2024,569,N103US,DFW,15:52,15:49,-3
AA,07-07-2024,689,N747UW,CLT,21:33,22:01,28
AA,07-08-2022,2591,N723UW,CLT,12:12,12:27,15
AA,07-08-2023,364,N128UW,CLT,13:49,13:33,-16
AA,07-08-2023,535,N9011P,CLT,21:02,21:00,-2
AA,07-08-2023,739,N93003,CLT,23:45,23:34,-11
AA,07-08-2023,884,N747UW,DFW,15:52,15:44,-8
AA,07-08-2023,998,N4005X,DFW,22:46,22:23,-23
AA,07-08-2024,569,N653AW,DFW,15:52,15:42,-10
AA,07-08-2024,689,N723UW,CLT,21:23,22:11,48
AA,07-08-2024,3004,N708UW,CLT,01:34,02:26,52
AA,07-09-2022,790,N808AW,CLT,13:48,14:27,39
AA,07-09-2023,364,N705UW,CLT,13:50,13:34,-16
AA,07-09-2023,535,N4005X,CLT,23:45,23:37,-8
AA,07-09-2023,739,N9015D,CLT,21:02,22:05,63
AA,07-09-2023,884,N710UW,DFW,15:52,18:14,142
AA,07-09-2023,998,N9026C,DFW,22:46,22:36,-10
AA,07-09-2023,1402,N9015D,CLT,17:16,17:03,-13
AA,07-09-2024,569,N510UW,DFW,15:52,10:04,1092
AA,07-09-2024,689,N177XF,CLT,21:23,22:22,59
AA,07-10-2022,2591,N753US,CLT,12:12,12:32,20
AA,07-10-2023,364,N770UW,CLT,13:50,13:41,-9
AA,07-10-2023,535,N4005X,CLT,23:45,00:03,18
AA,07-10-2023,739,N5007E,CLT,21:02,20:50,-12
AA,07-10-2023,884,N125UW,DFW,15:50,15:43,-7
AA,07-10-2023,998,N125UW,DFW,22:42,22:18,-24
AA,07-10-2023,1402,N5007E,CLT,17:16,17:10,-6
AA,07-10-2024,569,N647AW,DFW,15:52,17:50,118
AA,07-10-2024,689,N810AW,CLT,21:23,23:24,121
AA,07-11-2022,2591,N741UW,CLT,12:12,12:43,31
AA,07-11-2023,364,N105UW,CLT,13:50,13:51,1
AA,07-11-2023,739,N105UW,CLT,21:02,21:23,21
AA,07-11-2023,884,N806AW,DFW,15:52,15:46,-6
AA,07-11-2023,998,N9011P,DFW,22:46,22:29,-17
AA,07-11-2023,1129,N9012,CLT,19:22,19:08,-14
AA,07-11-2023,1402,N775XF,CLT,17:15,17:06,-9
AA,07-11-2024,569,N601AW,DFW,15:52,15:35,-17
AA,07-11-2024,689,N840AW,CLT,21:23,21:16,-7
AA,07-12-2022,2591,N732US,CLT,12:36,12:22,-14
AA,07-12-2023,364,N813AW,CLT,13:50,13:37,-13
AA,07-12-2023,535,N8030F,CLT,23:45,23:31,-14
AA,07-12-2023,739,N9011P,CLT,21:02,20:58,-4
AA,07-12-2023,884,N657AW,DFW,15:50,15:32,-18
AA,07-12-2023,998,N4032T,DFW,22:46,22:21,-25
AA,07-12-2023,1402,N9008U,CLT,17:16,17:07,-9
AA,07-12-2024,569,N661AW,DFW,15:52,15:40,-12
AA,07-12-2024,689,N723UW,CLT,21:23,02:06,283
AA,07/13/2022,2591,N755US,CLT,12:36,12:27,-9
AA,07/13/2023,364,N705UW,CLT,13:50,19:33,343
AA,07/13/2023,535,N9016,CLT,23:45,00:02,17
AA,07/13/2023,739,N9021H,CLT,21:02,20:49,-13
AA,07/13/2023,884,N663AW,DFW,15:50,15:55,5
AA,07/13/2023,998,N9022G,DFW,22:46,22:57,11
AA,07/13/2023,1402,N9010R,CLT,17:16,17:23,7
AA,07/13/2024,569,N576UW,DFW,15:41,15:29,-12
AA,07/13/2024,689,N840AW,CLT,21:23,21:03,-20
AA,07/14/2022,2591,N704US,CLT,12:12,12:11,-1
AA,07/14/2023,364,N9022G,CLT,13:50,13:51,1
AA,07/14/2023,535,N9022G,CLT,23:45,23:52,7
AA,07/14/2023,739,N9016,CLT,21:02,22:50,108
AA,07/14/2023,884,N103US,DFW,15:50,15:35,-15
AA,07/14/2023,998,N704US,DFW,22:45,22:35,-10
AA,07/14/2023,1402,N767UW,CLT,17:16,17:39,23
AA,07/14/2024,569,N111US,DFW,15:52,17:18,86
AA,07/14/2024,689,N713UW,CLT,21:23,22:49,86
AA,07/15/2022,2591,N704US,CLT,12:12,11:58,-14
AA,07/15/2023,364,N124US,CLT,13:49,13:51,2
AA,07/15/2023,535,N70020,CLT,21:02,22:21,79
AA,07/15/2023,739,N9010R,CLT,23:45,00:50,65
AA,07/15/2023,884,N771XF,DFW,15:52,15:36,-16
AA,07/15/2023,998,N763US,DFW,22:46,22:33,-13
AA,07/15/2024,569,N663AW,DFW,15:52,16:06,14
AA,07/15/2024,689,N724UW,CLT,21:23,01:30,247
AA,07/16/2022,790,N766US,CLT,13:48,00:00,0
AA,07/16/2023,364,N830AW,CLT,13:50,13:32,-18
AA,07/16/2023,535,N9023N,CLT,23:45,23:29,-16
AA,07/16/2023,739,N9022G,CLT,21:02,20:59,-3
AA,07/16/2023,884,N177XF,DFW,15:52,18:32,160
AA,07/16/2023,998,N9016,DFW,22:46,22:18,-28
AA,07/16/2023,1402,N9022G,CLT,17:16,17:03,-13
AA,07/16/2024,569,N649AW,DFW,15:52,15:35,-17
AA,07/16/2024,689,N764US,CLT,21:23,22:37,74
AA,07/17/2022,2591,N752US,CLT,12:12,13:21,69
AA,07/17/2023,364,N753US,CLT,13:50,13:39,-11
AA,07/17/2023,535,N5007E,CLT,23:45,00:49,64
AA,07/17/2023,739,N9021H,CLT,21:02,20:55,-7
AA,07/17/2023,884,N122US,DFW,15:50,15:38,-12
AA,07/17/2023,998,N839AW,DFW,22:45,23:47,62
AA,07/17/2023,1402,N710UW,CLT,17:16,17:30,14
AA,07/17/2024,569,N657AW,DFW,15:52,15:43,-9
AA,07/17/2024,689,N750UW,CLT,21:23,21:57,34
AA,07/18/2022,2591,N716UW,CLT,12:12,12:36,24
AA,07/18/2023,364,N126UW,CLT,13:50,14:08,18
AA,07/18/2023,739,N9002U,CLT,21:02,21:08,6
AA,07/18/2023,884,N3014R,DFW,15:52,15:28,-24
AA,07/18/2023,998,N9022G,DFW,22:46,22:49,3
AA,07/18/2023,1129,N9023N,CLT,19:22,20:16,54
AA,07/18/2023,1402,N840AW,CLT,17:15,17:49,34
AA,07/18/2024,569,N111US,DFW,15:52,16:17,25
AA,07/18/2024,689,N830AW,CLT,21:23,00:00,0
AA,07/19/2022,2591,N9015D,CLT,12:36,13:35,59
AA,07/19/2023,364,N710UW,CLT,13:50,13:35,-15
AA,07/19/2023,535,N9010R,CLT,23:45,23:28,-17
AA,07/19/2023,739,N8009T,CLT,21:02,20:41,-21
AA,07/19/2023,884,N9015D,DFW,15:50,09:11,1041
AA,07/19/2023,998,N70020,DFW,22:46,22:51,5
AA,07/19/2023,1402,N9002U,CLT,17:16,17:06,-10
AA,07/19/2024,569,N110UW,DFW,15:52,18:23,151
AA,07/19/2024,689,N748UW,CLT,21:23,00:40,197
AA,07/20/2022,2591,N751UW,CLT,12:36,12:35,-1
AA,07/20/2023,364,N732US,CLT,13:50,13:54,4
AA,07/20/2023,535,N9004F,CLT,23:45,00:27,42
AA,07/20/2023,739,N9002U,CLT,21:02,20:51,-11
AA,07/20/2023,884,N117UW,DFW,15:50,15:53,3
AA,07/20/2023,998,N9015D,DFW,22:46,22:29,-17
AA,07/20/2023,1402,N9002U,CLT,17:16,17:07,-9
AA,07/20/2024,569,N519UW,DFW,15:41,15:58,17
AA,07/20/2024,689,N817AW,CLT,21:23,21:38,15
AA,07/21/2022,2591,N744P,CLT,12:12,12:11,-1
AA,07/21/2023,364,N808AW,CLT,13:50,13:43,-7
AA,07/21/2023,535,N4032T,CLT,23:45,08:01,496
AA,07/21/2023,739,N9022G,CLT,21:02,21:42,40
AA,07/21/2023,884,N128UW,DFW,15:50,17:43,113
AA,07/21/2023,998,N815AW,DFW,22:45,22:44,-1
AA,07/21/2023,1402,N126UW,CLT,17:16,20:24,188
AA,07/21/2024,569,N668AW,DFW,15:52,17:59,127
AA,07/21/2024,689,N773XF,CLT,21:23,22:48,85
AA,07/22/2022,2591,N705UW,CLT,12:12,11:53,-19
AA,07/22/2023,364,N651AW,CLT,13:49,14:20,31
AA,07/22/2023,535,N9004F,CLT,21:02,20:46,-16
AA,07/22/2023,739,N9006,CLT,23:45,00:37,52
AA,07/22/2023,884,N809AW,DFW,15:52,15:37,-15
AA,07/22/2023,998,N9019F,DFW,22:46,02:02,196
AA,07/22/2024,569,N122US,DFW,15:52,15:21,-31
AA,07/22/2024,689,N816AW,CLT,21:23,22:08,45
AA,07/23/2022,790,N807AW,CLT,13:48,13:38,-10
AA,07/23/2023,364,N751UW,CLT,13:50,13:49,-1
AA,07/23/2023,535,N9022G,CLT,23:45,02:02,137
AA,07/23/2023,739,N8009T,CLT,21:02,00:00,0
AA,07/23/2023,884,N704US,DFW,15:52,18:51,179
AA,07/23/2023,998,N5007E,DFW,22:46,22:56,10
AA,07/23/2023,1402,N9021H,CLT,17:16,19:33,137
AA,07/23/2024,569,N663AW,DFW,15:52,18:15,143
AA,07/23/2024,689,N825AW,CLT,21:23,02:49,326
AA,07/24/2022,2591,N722US,CLT,12:12,12:20,8
AA,07/24/2023,364,N814AW,CLT,13:50,13:39,-11
AA,07/24/2023,535,N9012,CLT,23:45,00:13,28
AA,07/24/2023,739,N9023N,CLT,21:02,20:47,-15
AA,07/24/2023,884,N660AW,DFW,15:50,15:35,-15
AA,07/24/2023,998,N828AW,DFW,22:45,22:26,-19
AA,07/24/2023,1402,N9023N,CLT,17:16,16:55,-21
AA,07/24/2024,569,N647AW,DFW,15:52,16:06,14
AA,07/24/2024,689,N819AW,CLT,21:23,23:17,114
AA,07/25/2022,2591,N703UW,CLT,12:12,12:29,17
AA,07/25/2023,364,N105UW,CLT,13:50,13:41,-9
AA,07/25/2023,739,N669AW,CLT,21:02,20:50,-12
AA,07/25/2023,884,N825AW,DFW,15:52,15:48,-4
AA,07/25/2023,998,N4005X,DFW,22:46,23:23,37
AA,07/25/2023,1129,N9017P,CLT,19:22,19:06,-16
AA,07/25/2023,1402,N774XF,CLT,17:15,17:17,2
AA,07/25/2024,569,N659AW,DFW,15:52,15:24,-28
AA,07/25/2024,689,N818AW,CLT,21:23,21:10,-13
AA,07/26/2022,2591,N737US,CLT,12:36,12:50,14
AA,07/26/2023,364,N650AW,CLT,13:50,14:28,38
AA,07/26/2023,535,N9016,CLT,23:45,23:55,10
AA,07/26/2023,739,N9004F,CLT,21:02,20:45,-17
AA,07/26/2023,884,N679AW,DFW,15:50,16:20,30
AA,07/26/2023,998,N8030F,DFW,22:46,22:36,-10
AA,07/26/2023,1402,N9018E,CLT,17:16,17:19,3
AA,07/26/2024,569,N653AW,DFW,15:52,17:42,110
AA,07/26/2024,689,N813AW,CLT,21:23,21:17,-6
AA,07/27/2022,2591,N713UW,CLT,12:36,12:46,10
AA,07/27/2023,364,N818AW,CLT,13:56,13:42,-14
AA,07/27/2023,535,N9017P,CLT,23:45,23:34,-11
AA,07/27/2023,739,N4005X,CLT,21:02,20:46,-16
AA,07/27/2023,884,N127UW,DFW,15:50,15:42,-8
AA,07/27/2023,998,N90024,DFW,22:46,22:28,-18
AA,07/27/2023,1402,N4005X,CLT,17:16,17:24,8
AA,07/27/2024,569,N934AA,DFW,15:41,15:26,-15
AA,07/27/2024,689,N741UW,CLT,21:23,21:42,19
AA,07/28/2022,2591,N177XF,CLT,12:12,12:44,32
AA,07/28/2023,364,N764US,CLT,13:50,15:26,96
AA,07/28/2023,535,N700UW,CLT,23:45,12:05,740
AA,07/28/2023,739,N3014R,CLT,21:02,22:16,74
AA,07/28/2023,884,N125UW,DFW,15:50,15:34,-16
AA,07/28/2023,998,N774XF,DFW,22:45,22:37,-8
AA,07/28/2023,1402,N3014R,CLT,17:16,17:36,20
AA,07/28/2024,569,N604AW,DFW,15:52,16:36,44
AA,07/28/2024,689,N711UW,CLT,21:23,00:00,0
AA,07/29/2022,2591,N716UW,CLT,12:12,12:04,-8
AA,07/29/2023,364,N127UW,CLT,13:49,13:38,-11
AA,07/29/2023,535,N9004F,CLT,21:02,00:00,0
AA,07/29/2023,739,N9025B,CLT,23:45,00:13,28
AA,07/29/2023,884,N770UW,DFW,15:52,16:24,32
AA,07/29/2023,998,N9016,DFW,22:46,00:28,102
AA,07/29/2024,569,N654AW,DFW,15:52,15:42,-10
AA,07/29/2024,689,N764US,CLT,21:23,23:44,141
AA,07/30/2022,790,N722US,CLT,13:48,13:36,-12
AA,07/30/2023,364,N700UW,CLT,13:50,13:40,-10
AA,07/30/2023,535,N9002U,CLT,23:45,23:28,-17
AA,07/30/2023,739,N9008U,CLT,21:02,20:49,-13
AA,07/30/2023,884,N774XF,DFW,15:52,18:48,176
AA,07/30/2023,998,N9012,DFW,22:46,23:44,58
AA,07/30/2023,1402,N9008U,CLT,17:16,17:55,39
AA,07/30/2024,569,N667AW,DFW,15:52,16:11,19
AA,07/30/2024,689,N814AW,CLT,21:23,00:00,0
AA,07/31/2022,2591,N9021H,CLT,12:12,12:36,24
AA,07/31/2023,364,N745VJ,CLT,13:50,13:41,-9
AA,07/31/2023,535,N9017P,CLT,23:45,00:41,56
AA,07/31/2023,739,N70020,CLT,21:02,20:41,-21
AA,07/31/2023,884,N111US,DFW,15:50,15:51,1
AA,07/31/2023,998,N837AW,DFW,22:45,22:41,-4
AA,07/31/2023,1402,N70020,CLT,17:16,17:01,-15
AA,07/31/2024,569,N110UW,DFW,15:52,15:32,-20
AA,07/31/2024,689,N764US,CLT,21:23,22:58,95
AA,08-01-2022,2591,N738US,CLT,12:12,12:10,-2
AA,08-01-2023,364,N650AW,CLT,13:50,13:52,2
AA,08-01-2023,739,N832AW,CLT,21:02,22:35,93
AA,08-01-2023,884,N826AW,DFW,15:52,15:39,-13
AA,08-01-2023,998,N4005X,DFW,22:46,22:51,5
AA,08-01-2023,1129,N9002U,CLT,19:22,19:22,0
AA,08-01-2023,1402,N745VJ,CLT,17:15,17:03,-12
AA,08-01-2024,569,N650AW,DFW,15:52,16:06,14
AA,08-01-2024,689,N177XF,CLT,21:23,21:19,-4
AA,08-02-2022,2591,N816AW,CLT,12:36,12:28,-8
AA,08-02-2023,364,N835AW,CLT,13:50,13:36,-14
AA,08-02-2023,535,N831AW,CLT,23:45,23:46,1
AA,08-02-2023,739,N9006,CLT,21:02,20:51,-11
AA,08-02-2023,884,N128UW,DFW,15:50,15:32,-18
AA,08-02-2023,998,N9018E,DFW,22:46,22:24,-22
AA,08-02-2023,1402,N8027D,CLT,17:16,17:05,-11
AA,08-02-2024,569,N668AW,DFW,15:52,15:49,-3
AA,08-02-2024,689,N748UW,CLT,21:23,22:28,65
AA,08-03-2022,2591,N738US,CLT,12:36,12:29,-7
AA,08-03-2023,364,N123UW,CLT,13:50,13:44,-6
AA,08-03-2023,535,N9008U,CLT,23:45,23:46,1
AA,08-03-2023,739,N9013A,CLT,21:02,21:02,0
AA,08-03-2023,884,N104UW,DFW,15:50,15:40,-10
AA,08-03-2023,998,N128UW,DFW,22:45,23:25,40
AA,08-03-2023,1402,N9008U,CLT,17:16,17:37,21
AA,08-03-2024,569,N988AL,DFW,15:41,15:36,-5
AA,08-03-2024,689,N767UW,CLT,21:23,00:00,0
AA,08-04-2022,2591,N809AW,CLT,12:12,12:06,-6
AA,08-04-2023,364,N752US,CLT,13:44,13:27,-17
AA,08-04-2023,535,N9018E,CLT,23:44,00:20,36
AA,08-04-2023,739,N741UW,CLT,21:49,21:40,-9
AA,08-04-2023,884,N123UW,DFW,15:51,15:44,-7
AA,08-04-2023,1402,N9025B,CLT,17:17,18:22,65
AA,08-04-2023,2708,N9004F,DFW,22:10,22:13,3
AA,08-04-2024,569,N122US,DFW,15:52,00:00,0
AA,08-04-2024,689,N749US,CLT,21:23,00:00,0
AA,08-05-2022,2591,N741UW,CLT,12:12,12:09,-3
AA,08-05-2023,364,N114UW,CLT,13:52,13:40,-12
AA,08-05-2023,535,N9008U,CLT,21:16,21:05,-11
AA,08-05-2023,739,N70020,CLT,23:53,23:38,-15
AA,08-05-2023,884,N721UW,DFW,15:55,15:40,-15
AA,08-05-2024,569,N601AW,DFW,15:52,15:50,-2
AA,08-05-2024,689,N770UW,CLT,21:23,21:13,-10
AA,08-06-2022,790,N711UW,CLT,13:48,13:38,-10
AA,08-06-2023,364,N704US,CLT,13:44,13:59,15
AA,08-06-2023,535,N9025B,CLT,23:44,00:31,47
AA,08-06-2023,739,N70020,CLT,21:53,22:54,61
AA,08-06-2023,884,N653AW,DFW,15:51,15:47,-4
AA,08-06-2023,1402,N9025B,CLT,17:17,19:58,161
AA,08-06-2023,2708,N9012,DFW,22:10,22:23,13
AA,08-06-2024,569,N103US,DFW,15:48,09:26,1058
AA,08-06-2024,1001,N767UW,CLT,19:03,18:59,-4
AA,08-07-2022,2591,N714US,CLT,11:41,12:00,19
AA,08-07-2023,364,N9018E,CLT,13:44,13:32,-12
AA,08-07-2023,535,N832AW,CLT,23:44,01:20,96
AA,08-07-2023,739,N9018E,CLT,21:53,23:39,106
AA,08-07-2023,884,N656AW,DFW,15:51,16:57,66
AA,08-07-2023,1402,N9018E,CLT,17:17,18:53,96
AA,08-07-2023,2708,N90024,DFW,22:10,21:44,-26
AA,08-07-2024,569,N117UW,DFW,15:48,15:38,-10
AA,08-07-2024,1001,N711UW,CLT,19:03,19:03,0
AA,08-08-2022,2591,N825AW,CLT,12:12,00:00,0
AA,08-08-2023,364,N818AW,CLT,13:44,14:15,31
AA,08-08-2023,535,N9006,CLT,23:44,23:26,-18
AA,08-08-2023,739,N8031M,CLT,21:53,22:12,19
AA,08-08-2023,884,N9026C,DFW,15:51,19:28,217
AA,08-08-2023,1402,N9008U,CLT,17:17,17:39,22
AA,08-08-2023,2708,N9010R,DFW,22:10,21:42,-28
AA,08-08-2024,569,N667AW,DFW,15:48,00:00,0
AA,08-08-2024,1001,N123UW,CLT,19:03,20:29,86
AA,08-09-2022,2591,N768US,CLT,12:12,12:09,-3
AA,08-09-2023,364,N9006,CLT,13:44,14:32,48
AA,08-09-2023,535,N9004F,CLT,23:44,23:50,6
AA,08-09-2023,739,N9006,CLT,21:53,21:57,4
AA,08-09-2023,884,N109UW,DFW,15:51,16:22,31
AA,08-09-2023,1402,N823AW,CLT,17:17,17:23,6
AA,08-09-2023,2708,N4005X,DFW,22:10,19:36,1286
AA,08-09-2024,569,N656AW,DFW,15:48,16:51,63
AA,08-09-2024,1001,N748UW,CLT,19:03,18:53,-10
AA,08-10-2022,2591,N744P,CLT,12:12,12:04,-8
AA,08-10-2023,364,N817AW,CLT,13:44,15:12,88
AA,08-10-2023,535,N9029F,CLT,23:44,00:17,33
AA,08-10-2023,739,N9025B,CLT,21:53,01:37,224
AA,08-10-2023,884,N654AW,DFW,15:51,16:31,40
AA,08-10-2023,1402,N9019F,CLT,17:17,17:47,30
AA,08-10-2023,2708,N9016,DFW,22:10,21:54,-16
AA,08-10-2024,569,N664AW,DFW,15:48,15:24,-24
AA,08-10-2024,1001,N839AW,CLT,19:03,18:55,-8
AA,08-11-2022,2591,N832AW,CLT,12:12,12:05,-7
AA,08-11-2023,364,N738US,CLT,13:44,13:34,-10
AA,08-11-2023,535,N9004F,CLT,23:44,23:49,5
AA,08-11-2023,739,N804AW,CLT,21:49,22:42,53
AA,08-11-2023,884,N9026C,DFW,15:51,19:54,243
AA,08-11-2023,1402,N9017P,CLT,17:17,18:25,68
AA,08-11-2023,2708,N8031M,DFW,22:10,21:49,-21
AA,08-11-2024,569,N655AW,DFW,15:48,16:16,28
AA,08-11-2024,1001,N776XF,CLT,19:03,18:53,-10
AA,08-12-2022,2591,N717UW,CLT,12:12,12:05,-7
AA,08-12-2023,364,N114UW,CLT,13:52,13:30,-22
AA,08-12-2023,535,N9006,CLT,21:16,00:00,0
AA,08-12-2023,739,N9018E,CLT,23:53,23:59,6
AA,08-12-2023,884,N836AW,DFW,15:55,15:47,-8
AA,08-12-2024,569,N102UW,DFW,15:48,15:29,-19
AA,08-12-2024,1001,N764US,CLT,19:03,19:08,5
AA,08/13/2022,790,N737US,CLT,13:48,15:47,119
AA,08/13/2023,364,N817AW,CLT,13:44,14:51,67
AA,08/13/2023,535,N4005X,CLT,23:44,23:36,-8
AA,08/13/2023,739,N9026C,CLT,21:53,21:30,-23
AA,08/13/2023,884,N679AW,DFW,15:51,15:42,-9
AA,08/13/2023,1402,N4032T,CLT,17:17,16:56,-21
AA,08/13/2023,2708,N8001N,DFW,22:10,10:00,710
AA,08/13/2024,569,N659AW,DFW,15:48,16:30,42
AA,08/13/2024,1001,N823AW,CLT,19:03,20:38,95
AA,08/14/2022,2591,N738US,CLT,11:41,11:33,-8
AA,08/14/2023,364,N730US,CLT,13:44,14:15,31
AA,08/14/2023,535,N70020,CLT,23:44,01:21,97
AA,08/14/2023,739,N708UW,CLT,21:53,01:07,194
AA,08/14/2023,884,N662AW,DFW,15:51,15:36,-15
AA,08/14/2023,1402,N840AW,CLT,17:17,18:12,55
AA,08/14/2023,2708,N9029F,DFW,22:10,22:46,36
AA,08/14/2024,569,N649AW,DFW,15:48,16:05,17
AA,08/14/2024,1001,N831AW,CLT,19:03,19:48,45
AA,08/15/2022,2591,N803AW,CLT,12:12,11:42,-30
AA,08/15/2023,364,N708UW,CLT,13:55,14:03,8
AA,08/15/2023,535,N711UW,CLT,23:08,09:50,642
AA,08/15/2023,884,N126UW,DFW,16:23,16:41,18
AA,08/15/2023,1402,N746UW,CLT,17:22,17:40,18
AA,08/15/2023,2413,N840AW,CLT,21:17,21:21,4
AA,08/15/2024,569,N649AW,DFW,15:48,18:12,144
AA,08/15/2024,1001,N730US,CLT,19:03,19:09,6
AA,08/16/2022,463,N732US,CLT,13:43,13:29,-14
AA,08/16/2022,2983,N9011P,CLT,23:10,23:09,-1
AA,08/16/2023,364,N9006,CLT,13:55,14:09,14
AA,08/16/2023,535,N700UW,CLT,23:08,23:18,10
AA,08/16/2023,884,N656AW,DFW,16:23,16:12,-11
AA,08/16/2023,1402,N747UW,CLT,17:22,17:11,-11
AA,08/16/2023,2413,N804AW,CLT,21:19,21:51,32
AA,08/16/2024,569,N649AW,DFW,15:48,18:37,169
AA,08/16/2024,1001,N709UW,CLT,19:03,19:31,28
AA,08/17/2022,463,N741UW,CLT,13:43,14:50,67
AA,08/17/2022,2983,N9010R,CLT,23:10,22:59,-11
AA,08/17/2023,364,N840AW,CLT,13:55,14:05,10
AA,08/17/2023,535,N747UW,CLT,23:08,23:01,-7
AA,08/17/2023,884,N654AW,DFW,16:23,16:12,-11
AA,08/17/2023,1402,N832AW,CLT,17:22,17:15,-7
AA,08/17/2023,2413,N840AW,CLT,21:17,21:11,-6
AA,08/17/2024,569,N125UW,DFW,15:48,17:17,89
AA,08/17/2024,1001,N825AW,CLT,19:03,19:27,24
AA,08/18/2022,463,N704US,CLT,13:43,13:30,-13
AA,08/18/2022,2983,N9021H,CLT,23:10,23:04,-6
AA,08/18/2023,364,N840AW,CLT,13:55,14:09,14
AA,08/18/2023,535,N752US,CLT,23:08,22:54,-14
AA,08/18/2023,884,N109UW,DFW,16:23,16:44,21
AA,08/18/2023,1402,N805AW,CLT,17:22,17:39,17
AA,08/18/2023,2413,N127UW,CLT,21:17,21:11,-6
AA,08/18/2024,569,N123UW,DFW,15:48,16:04,16
AA,08/18/2024,1001,N702UW,CLT,19:03,19:34,31
AA,08/19/2022,463,N762US,CLT,13:43,13:37,-6
AA,08/19/2022,2983,N12028,CLT,23:10,23:20,10
AA,08/19/2023,364,N749US,CLT,13:55,13:57,2
AA,08/19/2023,535,N826AW,CLT,23:08,22:52,-16
AA,08/19/2023,884,N669AW,DFW,16:23,16:17,-6
AA,08/19/2023,1402,N749US,CLT,17:22,17:24,2
AA,08/19/2023,2413,N749US,CLT,21:17,21:15,-2
AA,08/19/2024,569,N110UW,DFW,15:48,15:28,-20
AA,08/19/2024,1001,N704US,CLT,19:03,20:12,69
AA,08/20/2022,463,N833AW,CLT,13:43,13:38,-5
AA,08/20/2022,2983,N9012,CLT,23:10,23:18,8
AA,08/20/2023,364,N711UW,CLT,13:55,13:42,-13
AA,08/20/2023,535,N721UW,CLT,23:08,22:57,-11
AA,08/20/2023,884,N126UW,DFW,16:23,18:07,104
AA,08/20/2023,1402,N711UW,CLT,17:22,17:13,-9
AA,08/20/2023,2413,N710UW,CLT,21:17,22:17,60
AA,08/20/2024,569,N664AW,DFW,15:48,15:38,-10
AA,08/20/2024,1001,N768US,CLT,19:03,18:44,-19
AA,08/21/2022,463,N713UW,CLT,13:43,13:39,-4
AA,08/21/2022,2983,N807AW,CLT,23:10,23:47,37
AA,08/21/2023,364,N710UW,CLT,13:55,14:11,16
AA,08/21/2023,535,N721UW,CLT,23:08,00:07,59
AA,08/21/2023,884,N117UW,DFW,16:23,16:22,-1
AA,08/21/2023,1402,N710UW,CLT,17:22,17:30,8
AA,08/21/2023,2413,N711UW,CLT,21:17,21:06,-11
AA,08/21/2024,569,N110UW,DFW,15:48,15:54,6
AA,08/21/2024,1001,N702UW,CLT,19:03,18:56,-7
AA,08/22/2022,463,N713UW,CLT,13:43,13:38,-5
AA,08/22/2022,2983,N807AW,CLT,23:10,01:31,141
AA,08/22/2023,364,N814AW,CLT,13:55,15:38,103
AA,08/22/2023,535,N832AW,CLT,23:08,22:55,-13
AA,08/22/2023,884,N663AW,DFW,16:23,16:27,4
AA,08/22/2023,1402,N749US,CLT,17:22,17:20,-2
AA,08/22/2023,2413,N733UW,CLT,21:17,21:06,-11
AA,08/22/2024,569,N659AW,DFW,15:48,15:25,-23
AA,08/22/2024,1001,N704US,CLT,19:03,18:54,-9
AA,08/23/2022,463,N732US,CLT,13:43,13:28,-15
AA,08/23/2022,2983,N9013A,CLT,23:10,23:00,-10
AA,08/23/2023,364,N9006,CLT,13:55,13:44,-11
AA,08/23/2023,535,N762US,CLT,23:08,22:56,-12
AA,08/23/2023,884,N109UW,DFW,16:23,16:20,-3
AA,08/23/2023,1402,N805AW,CLT,17:22,17:38,16
AA,08/23/2023,2413,N805AW,CLT,21:19,21:30,11
AA,08/23/2024,569,N122US,DFW,15:48,15:44,-4
AA,08/23/2024,1001,N601AW,CLT,19:03,18:53,-10
AA,08/24/2022,463,N757UW,CLT,13:43,13:35,-8
AA,08/24/2022,2983,N9002U,CLT,23:10,22:55,-15
AA,08/24/2023,364,N805AW,CLT,13:55,14:12,17
AA,08/24/2023,535,N741UW,CLT,23:08,22:58,-10
AA,08/24/2023,884,N673AW,DFW,16:23,16:04,-19
AA,08/24/2023,1402,N733UW,CLT,17:22,17:17,-5
AA,08/24/2023,2413,N733UW,CLT,21:17,21:25,8
AA,08/24/2024,569,N105UW,DFW,15:48,15:33,-15
AA,08/24/2024,1001,N737US,CLT,19:03,19:17,14
AA,08/25/2022,463,N732US,CLT,13:43,13:41,-2
AA,08/25/2022,2983,N820AW,CLT,23:10,23:22,12
AA,08/25/2023,364,N741UW,CLT,13:55,14:52,57
AA,08/25/2023,535,N701UW,CLT,23:08,22:58,-10
AA,08/25/2023,884,N109UW,DFW,16:23,17:55,92
AA,08/25/2023,1402,N805AW,CLT,17:22,17:12,-10
AA,08/25/2023,2413,N708UW,CLT,21:17,21:11,-6
AA,08/25/2024,569,N110UW,DFW,15:48,15:40,-8
AA,08/25/2024,1001,N825AW,CLT,19:03,19:01,-2
AA,08/26/2022,463,N752US,CLT,13:43,13:28,-15
AA,08/26/2022,2983,N804AW,CLT,23:10,23:01,-9
AA,08/26/2023,364,N824AW,CLT,13:55,13:57,2
AA,08/26/2023,535,N741UW,CLT,23:08,23:55,47
AA,08/26/2023,884,N117UW,DFW,16:23,16:29,6
AA,08/26/2023,1402,N824AW,CLT,17:22,17:18,-4
AA,08/26/2023,2413,N824AW,CLT,21:17,21:01,-16
AA,08/26/2024,569,N659AW,DFW,15:48,00:00,0
AA,08/26/2024,1001,N813AW,CLT,19:03,20:00,57
AA,08/27/2022,463,N717UW,CLT,13:43,13:30,-13
AA,08/27/2022,2983,N4032T,CLT,23:10,00:00,0
AA,08/27/2023,364,N831AW,CLT,13:55,15:06,71
AA,08/27/2023,535,N741UW,CLT,23:08,00:32,84
AA,08/27/2023,884,N102UW,DFW,16:23,16:01,-22
AA,08/27/2023,1402,N831AW,CLT,17:22,19:47,145
AA,08/27/2023,2413,N709UW,CLT,21:17,00:00,0
AA,08/27/2024,569,N126UW,DFW,15:48,15:46,-2
AA,08/28/2022,463,N745VJ,CLT,13:43,13:34,-9
AA,08/28/2022,2983,N737US,CLT,23:10,23:28,18
AA,08/28/2023,364,N741UW,CLT,13:55,14:16,21
AA,08/28/2023,535,N9006,CLT,23:08,00:15,67
AA,08/28/2023,884,N9013A,DFW,16:23,16:48,25
AA,08/28/2023,1402,N741UW,CLT,17:22,18:32,70
AA,08/28/2023,2413,N831AW,CLT,21:17,21:54,37
AA,08/28/2024,569,N105UW,DFW,15:48,15:41,-7
AA,08/29/2022,463,N708UW,CLT,13:43,13:26,-17
AA,08/29/2022,2983,N8030F,CLT,23:10,22:57,-13
AA,08/29/2023,364,N805AW,CLT,13:55,14:07,12
AA,08/29/2023,535,N733UW,CLT,23:08,00:04,56
AA,08/29/2023,884,N121UW,DFW,16:23,16:31,8
AA,08/29/2023,1402,N127UW,CLT,17:22,17:20,-2
AA,08/29/2023,2413,N9017P,CLT,21:17,23:21,124
AA,08/29/2024,569,N102UW,DFW,15:48,15:28,-20
AA,08/29/2024,1001,N832AW,CLT,19:03,18:51,-12
AA,08/30/2022,463,N814AW,CLT,13:43,13:33,-10
AA,08/30/2022,2983,N824AW,CLT,23:10,23:39,29
AA,08/30/2023,364,N744P,CLT,13:55,14:04,9
AA,08/30/2023,535,N716UW,CLT,23:08,23:35,27
AA,08/30/2023,884,N669AW,DFW,16:23,16:34,11
AA,08/30/2023,1402,N773XF,CLT,17:22,17:20,-2
AA,08/30/2023,2413,N753US,CLT,21:19,21:12,-7
AA,08/30/2024,569,N601AW,DFW,15:48,18:26,158
AA,08/30/2024,1001,N774XF,CLT,19:03,19:28,25
AA,08/31/2022,463,N825AW,CLT,13:43,13:26,-17
AA,08/31/2022,2983,N9013A,CLT,23:10,22:52,-18
AA,08/31/2023,364,N107US,CLT,13:55,13:44,-11
AA,08/31/2023,535,N732US,CLT,23:08,00:08,60
AA,08/31/2023,884,N649AW,DFW,16:23,15:59,-24
AA,08/31/2023,1402,N8001N,CLT,17:22,17:13,-9
AA,08/31/2023,2413,N746UW,CLT,21:17,22:14,57
AA,08/31/2024,569,N137AA,DFW,15:48,20:14,266
AA,09-01-2022,463,N829AW,CLT,13:43,13:27,-16
AA,09-01-2022,2983,N9023N,CLT,23:10,23:05,-5
AA,09-01-2023,364,N716UW,CLT,13:55,14:07,12
AA,09-01-2023,535,N822AW,CLT,23:08,23:45,37
AA,09-01-2023,884,N662AW,DFW,16:23,16:01,-22
AA,09-01-2023,1402,N756US,CLT,17:22,17:23,1
AA,09-01-2023,2413,N703UW,CLT,21:17,22:12,55
AA,09-02-2022,463,N724UW,CLT,13:43,14:34,51
AA,09-02-2022,2983,N9010R,CLT,23:10,23:05,-5
AA,09-02-2023,364,N9017P,CLT,13:55,14:40,45
AA,09-02-2023,884,N664AW,DFW,13:51,13:45,-6
AA,09-02-2023,1402,N822AW,CLT,17:22,18:08,46
AA,09-02-2023,2440,N716UW,CLT,18:52,19:30,38
AA,09-03-2022,463,N710UW,CLT,13:43,13:53,10
AA,09-03-2023,364,N822AW,CLT,13:55,14:30,35
AA,09-03-2023,884,N122US,DFW,13:51,14:21,30
AA,09-03-2023,1402,N745VJ,CLT,17:22,17:08,-14
AA,09-03-2023,2440,N702UW,CLT,19:15,19:16,1
AA,09-04-2022,463,N745VJ,CLT,13:43,13:28,-15
AA,09-04-2022,2983,N724UW,CLT,23:10,22:59,-11
AA,09-04-2023,364,N830AW,CLT,13:55,14:09,14
AA,09-04-2023,535,N721UW,CLT,23:08,22:55,-13
AA,09-04-2023,884,N668AW,DFW,16:23,16:11,-12
AA,09-04-2023,1402,N708UW,CLT,17:22,17:53,31
AA,09-04-2023,2413,N663AW,CLT,21:17,21:09,-8
AA,09-05-2022,463,N710UW,CLT,13:43,13:36,-7
AA,09-05-2022,2983,N8030F,CLT,23:10,23:20,10
AA,09-05-2023,364,N708UW,CLT,13:55,14:04,9
AA,09-05-2023,884,N107US,DFW,16:23,16:12,-11
AA,09-05-2023,991,N721UW,CLT,18:52,19:17,25
AA,09-05-2023,1402,N827AW,CLT,17:22,17:14,-8
AA,09-06-2022,463,N704US,CLT,13:43,13:35,-8
AA,09-06-2022,2983,N8027D,CLT,23:10,23:05,-5
AA,09-06-2023,364,N103US,CLT,14:01,14:24,23
AA,09-06-2023,462,N124US,DFW,16:14,15:54,-20
AA,09-06-2023,2059,N708UW,CLT,17:36,17:28,-8
AA,09-06-2023,2413,N764US,CLT,21:14,21:30,16
AA,09-07-2022,463,N752US,CLT,13:20,13:10,-10
AA,09-07-2022,2983,N763US,CLT,21:14,21:00,-14
AA,09-07-2023,364,N12028,CLT,14:04,13:55,-9
AA,09-07-2023,462,N665AW,DFW,16:14,16:08,-6
AA,09-07-2023,2059,N772XF,CLT,17:36,17:47,11
AA,09-07-2023,2413,N764US,CLT,21:14,01:23,249
AA,09-08-2022,463,N724UW,CLT,13:20,13:18,-2
AA,09-08-2022,2983,N8030F,CLT,23:53,23:42,-11
AA,09-08-2023,364,N4032T,CLT,14:04,14:04,0
AA,09-08-2023,462,N118US,DFW,16:14,16:43,29
AA,09-08-2023,2059,N773XF,CLT,17:36,17:37,1
AA,09-08-2023,2413,N744P,CLT,21:14,21:13,-1
AA,09-09-2022,463,N701UW,CLT,13:20,13:25,5
AA,09-09-2022,2983,N5007E,CLT,23:53,23:56,3
AA,09-09-2023,364,N655AW,CLT,13:50,14:03,13
AA,09-09-2023,462,N766US,DFW,16:14,16:11,-3
AA,09-09-2023,2059,N775XF,CLT,17:36,18:19,43
AA,09-09-2023,2413,N704US,CLT,21:14,00:37,203
AA,09-10-2022,463,N724UW,CLT,13:20,13:27,7
AA,09-10-2022,2983,N8030F,CLT,21:14,20:57,-17
AA,09-10-2023,364,N8027D,CLT,14:04,14:00,-4
AA,09-10-2023,462,N657AW,DFW,16:14,15:51,-23
AA,09-10-2023,2059,N708UW,CLT,17:36,18:00,24
AA,09-10-2023,2413,N762US,CLT,21:14,21:37,23
AA,09-11-2022,463,N725UW,CLT,13:20,13:20,0
AA,09-11-2022,2983,N4032T,CLT,23:53,23:37,-16
AA,09-11-2023,364,N9008U,CLT,14:04,13:54,-10
AA,09-11-2023,462,N9013A,DFW,16:14,17:00,46
AA,09-11-2023,2059,N750UW,CLT,17:36,18:04,28
AA,09-11-2023,2413,N773XF,CLT,21:14,21:32,18
AA,09-12-2022,463,N713UW,CLT,13:20,13:15,-5
AA,09-12-2022,2983,N9016,CLT,23:53,23:45,-8
AA,09-12-2023,364,N121UW,CLT,14:01,14:18,17
AA,09-12-2023,462,N128UW,DFW,16:14,15:57,-17
AA,09-12-2023,2059,N742PS,CLT,17:36,18:09,33
AA,09-12-2023,2413,N830AW,CLT,21:14,21:47,33
AA,09/13/2022,463,N712US,CLT,13:20,13:13,-7
AA,09/13/2022,2983,N8001N,CLT,21:14,21:11,-3
AA,09/13/2023,364,N105UW,CLT,14:01,14:01,0
AA,09/13/2023,462,N651AW,DFW,16:14,18:50,156
AA,09/13/2023,2059,N812AW,CLT,17:36,17:48,12
AA,09/13/2023,2413,N748UW,CLT,21:14,21:02,-12
AA,09/14/2022,463,N705UW,CLT,13:20,13:15,-5
AA,09/14/2022,2983,N12028,CLT,21:14,20:59,-15
AA,09/14/2023,364,N9025B,CLT,14:04,13:46,-18
AA,09/14/2023,462,N649AW,DFW,16:14,17:20,66
AA,09/14/2023,2059,N830AW,CLT,17:36,18:10,34
AA,09/14/2023,2413,N830AW,CLT,21:14,21:12,-2
AA,09/15/2022,463,N712US,CLT,13:20,13:13,-7
AA,09/15/2022,2983,N838AW,CLT,23:53,23:49,-4
AA,09/15/2023,364,N9025B,CLT,14:04,13:51,-13
AA,09/15/2023,462,N657AW,DFW,16:14,15:48,-26
AA,09/15/2023,2059,N9021H,CLT,17:36,17:24,-12
AA,09/15/2023,2413,N773XF,CLT,21:14,21:08,-6
AA,09/16/2022,463,N817AW,CLT,13:20,13:13,-7
AA,09/16/2022,2983,N9002U,CLT,23:53,23:45,-8
AA,09/16/2023,364,N654AW,CLT,13:50,13:34,-16
AA,09/16/2023,462,N715UW,DFW,16:15,18:42,147
AA,09/16/2023,2059,N773XF,CLT,17:36,17:24,-12
AA,09/16/2023,2413,N830AW,CLT,21:14,21:14,0
AA,09/17/2022,463,N771XF,CLT,13:20,13:13,-7
AA,09/17/2022,2983,N710UW,CLT,21:14,21:06,-8
AA,09/17/2023,364,N9025B,CLT,14:04,14:13,9
AA,09/17/2023,462,N673AW,DFW,16:14,22:50,396
AA,09/17/2023,2059,N814AW,CLT,17:36,18:28,52
AA,09/17/2023,2413,N662AW,CLT,21:14,20:58,-16
AA,09/18/2022,463,N12028,CLT,13:20,13:17,-3
AA,09/18/2022,2983,N4005X,CLT,23:53,23:49,-4
AA,09/18/2023,364,N9006,CLT,14:04,13:45,-19
AA,09/18/2023,462,N657AW,DFW,16:14,17:38,84
AA,09/18/2023,2059,N733UW,CLT,17:36,19:21,105
AA,09/18/2023,2413,N716UW,CLT,21:14,21:04,-10
AA,09/19/2022,463,N705UW,CLT,13:20,13:05,-15
AA,09/19/2022,2983,N9025B,CLT,23:53,23:44,-9
AA,09/19/2023,364,N652AW,CLT,14:01,13:58,-3
AA,09/19/2023,462,N654AW,DFW,16:14,16:03,-11
AA,09/19/2023,2059,N715UW,CLT,17:36,17:24,-12
AA,09/19/2023,2413,N705UW,CLT,21:14,21:06,-8
AA,09/20/2022,463,N733UW,CLT,13:20,13:16,-4
AA,09/20/2022,2983,N721UW,CLT,21:14,21:15,1
AA,09/20/2023,364,N822AW,CLT,14:01,14:00,-1
AA,09/20/2023,462,N9025B,DFW,16:14,18:55,161
AA,09/20/2023,2059,N817AW,CLT,17:36,17:41,5
AA,09/20/2023,2413,N776XF,CLT,21:14,22:44,90
AA,09/21/2022,463,N733UW,CLT,13:20,13:12,-8
AA,09/21/2022,2983,N9010R,CLT,21:14,20:58,-16
AA,09/21/2023,364,N9004F,CLT,14:04,14:04,0
AA,09/21/2023,462,N665AW,DFW,16:14,17:53,99
AA,09/21/2023,2059,N760US,CLT,17:36,17:29,-7
AA,09/21/2023,2413,N821AW,CLT,21:14,21:04,-10
AA,09/22/2022,463,N733UW,CLT,13:20,13:15,-5
AA,09/22/2022,2983,N8027D,CLT,23:53,23:46,-7
AA,09/22/2023,364,N9004F,CLT,14:04,13:48,-16
AA,09/22/2023,462,N9011P,DFW,16:14,15:43,1409
AA,09/22/2023,2059,N774XF,CLT,17:36,17:48,12
AA,09/22/2023,2413,N747UW,CLT,21:14,20:58,-16
AA,09/23/2022,463,N70020,CLT,13:20,13:20,0
AA,09/23/2022,2983,N738US,CLT,23:53,23:52,-1
AA,09/23/2023,364,N662AW,CLT,13:50,13:45,-5
AA,09/23/2023,462,N665AW,DFW,16:14,16:34,20
AA,09/23/2023,2059,N830AW,CLT,17:36,17:27,-9
AA,09/23/2023,2413,N752US,CLT,21:14,21:41,27
AA,09/24/2022,463,N742PS,CLT,13:20,13:43,23
AA,09/24/2022,2983,N8027D,CLT,21:14,21:04,-10
AA,09/24/2023,364,N9017P,CLT,14:04,13:55,-9
AA,09/24/2023,462,N647AW,DFW,16:14,16:09,-5
AA,09/24/2023,2059,N733UW,CLT,17:36,17:24,-12
AA,09/24/2023,2413,N830AW,CLT,21:14,20:56,-18
AA,09/25/2022,463,N817AW,CLT,13:42,13:27,-15
AA,09/25/2022,2983,N9018E,CLT,23:53,23:41,-12
AA,09/25/2023,364,N9017P,CLT,14:04,13:55,-9
AA,09/25/2023,462,N103US,DFW,16:14,15:58,-16
AA,09/25/2023,2059,N9006,CLT,17:36,17:18,-18
AA,09/25/2023,2413,N764US,CLT,21:14,21:17,3
AA,09/26/2022,463,N778XF,CLT,13:42,13:32,-10
AA,09/26/2022,2983,N9016,CLT,23:53,23:39,-14
AA,09/26/2023,364,N126UW,CLT,14:01,14:18,17
AA,09/26/2023,462,N673AW,DFW,16:14,16:04,-10
AA,09/26/2023,2059,N827AW,CLT,17:36,17:31,-5
AA,09/26/2023,2413,N9021H,CLT,21:14,21:03,-11
AA,09/27/2022,463,N778XF,CLT,13:42,13:34,-8
AA,09/27/2022,2983,N70020,CLT,21:14,21:04,-10
AA,09/27/2023,364,N647AW,CLT,14:01,14:56,55
AA,09/27/2023,462,N604AW,DFW,16:14,16:45,31
AA,09/27/2023,2059,N716UW,CLT,17:36,18:20,44
AA,09/27/2023,2413,N750UW,CLT,21:14,21:23,9
AA,09/28/2022,463,N837AW,CLT,13:42,13:43,1
AA,09/28/2022,2983,N9013A,CLT,21:14,21:24,10
AA,09/28/2023,364,N8001N,CLT,14:04,14:29,25
AA,09/28/2023,462,N649AW,DFW,16:14,16:00,-14
AA,09/28/2023,2059,N775XF,CLT,17:36,18:13,37
AA,09/28/2023,2413,N740UW,CLT,21:14,21:16,2
AA,09/29/2022,463,N702UW,CLT,13:42,13:37,-5
AA,09/29/2022,2983,N9002U,CLT,23:53,23:39,-14
AA,09/29/2023,364,N8001N,CLT,14:04,13:53,-11
AA,09/29/2023,462,N653AW,DFW,16:14,18:20,126
AA,09/29/2023,2059,N778XF,CLT,17:36,17:16,-20
AA,09/29/2023,2413,N776XF,CLT,21:14,21:04,-10
AA,09/30/2022,463,N837AW,CLT,13:42,14:05,23
AA,09/30/2022,2983,N837AW,CLT,23:53,23:28,-25
AA,09/30/2023,364,N109UW,CLT,13:50,13:34,-16
AA,09/30/2023,462,N651AW,DFW,16:14,16:09,-5
AA,09/30/2023,2059,N773XF,CLT,17:36,18:23,47
AA,09/30/2023,2413,N756US,CLT,21:14,21:07,-7
AA,10-01-2022,463,N822AW,CLT,13:42,13:43,1
AA,10-01-2022,2983,N9008U,CLT,21:14,21:01,-13
AA,10-01-2023,364,N9016,CLT,14:04,14:01,-3
AA,10-01-2023,462,N658AW,DFW,16:14,16:01,-13
AA,10-01-2023,2059,N704US,CLT,17:36,17:25,-11
AA,10-01-2023,2413,N746UW,CLT,21:14,21:04,-10
AA,10-02-2022,463,N825AW,CLT,13:42,13:36,-6
AA,10-02-2022,2983,N9011P,CLT,23:53,23:42,-11
AA,10-02-2023,364,N12028,CLT,14:04,13:59,-5
AA,10-02-2023,462,N673AW,DFW,16:14,15:56,-18
AA,10-02-2023,2059,N4032T,CLT,17:36,17:42,6
AA,10-02-2023,2413,N758US,CLT,21:14,22:01,47
AA,10-03-2022,463,N804AW,CLT,13:42,13:36,-6
AA,10-03-2022,2983,N9029F,CLT,23:53,23:50,-3
AA,10-03-2023,364,N733UW,CLT,14:01,13:40,-21
AA,10-03-2023,462,N125UW,DFW,16:14,15:58,-16
AA,10-03-2023,2059,N702UW,CLT,17:36,17:38,2
AA,10-03-2023,2413,N737US,CLT,21:14,21:04,-10
AA,10-04-2022,463,N815AW,CLT,13:42,13:36,-6
AA,10-04-2022,2983,N8009T,CLT,21:14,21:03,-11
AA,10-04-2023,364,N703UW,CLT,14:01,13:59,-2
AA,10-04-2023,462,N665AW,DFW,16:14,16:07,-7
AA,10-04-2023,2059,N737US,CLT,17:36,17:25,-11
AA,10-04-2023,2413,N717UW,CLT,21:14,21:02,-12
AA,10-05-2022,463,N801AW,CLT,13:42,13:52,10
AA,10-05-2022,2983,N93003,CLT,21:14,21:02,-12
AA,10-05-2023,364,N4032T,CLT,13:49,13:43,-6
AA,10-05-2023,516,N757UW,CLT,23:20,23:46,26
AA,10-05-2023,884,N650AW,DFW,16:07,15:56,-11
AA,10-05-2023,1523,N9012,MIA,16:04,16:05,1
AA,10-06-2022,463,N700UW,CLT,13:42,13:36,-6
AA,10-06-2022,2983,N93003,CLT,23:47,24:00:00,13
AA,10-06-2023,364,N604AW,CLT,13:49,13:57,8
AA,10-06-2023,516,N744P,CLT,23:20,23:26,6
AA,10-06-2023,884,N665AW,DFW,16:07,15:58,-9
AA,10-06-2023,1523,N9026C,MIA,16:04,15:49,-15
AA,10-07-2022,463,N723UW,CLT,13:42,13:36,-6
AA,10-07-2022,2983,N9013A,CLT,23:47,23:31,-16
AA,10-07-2023,364,N664AW,CLT,13:49,13:39,-10
AA,10-07-2023,516,N740UW,CLT,21:07,21:10,3
AA,10-07-2023,884,N654AW,DFW,16:07,16:01,-6
AA,10-08-2022,463,N740UW,CLT,13:47,13:39,-8
AA,10-08-2022,2983,N93003,CLT,21:20,21:07,-13
AA,10-08-2023,364,N655AW,CLT,13:49,15:34,105
AA,10-08-2023,516,N708UW,CLT,23:20,23:11,-9
AA,10-08-2023,884,N660AW,DFW,16:07,18:02,115
AA,10-08-2023,1523,N806AW,MIA,16:04,19:14,190
AA,10-09-2022,463,N810AW,CLT,13:42,13:41,-1
AA,10-09-2022,2983,N9004F,CLT,23:47,23:44,-3
AA,10-09-2023,364,N127UW,CLT,13:49,13:42,-7
AA,10-09-2023,516,N732US,CLT,23:20,00:06,46
AA,10-09-2023,884,N657AW,DFW,16:07,15:45,-22
AA,10-09-2023,1523,N9023N,MIA,16:04,19:13,189
AA,10-10-2022,463,N722US,CLT,13:42,13:29,-13
AA,10-10-2022,2983,N9006,CLT,23:47,23:28,-19
AA,10-10-2023,364,N649AW,CLT,13:49,13:46,-3
AA,10-10-2023,516,N700UW,CLT,23:20,23:24,4
AA,10-10-2023,884,N654AW,DFW,16:07,15:41,-26
AA,10-11-2022,463,N741UW,CLT,13:42,14:11,29
AA,10-11-2022,2983,N5007E,CLT,21:20,21:13,-7
AA,10-11-2023,364,N601AW,CLT,13:49,13:39,-10
AA,10-11-2023,516,N701UW,CLT,23:20,23:24,4
AA,10-11-2023,884,N103US,DFW,16:07,16:35,28
AA,10-12-2022,463,N803AW,CLT,13:42,13:48,6
AA,10-12-2022,2983,N5007E,CLT,21:20,22:05,45
AA,10-12-2023,364,N647AW,CLT,13:49,14:05,16
AA,10-12-2023,516,N737US,CLT,23:20,23:46,26
AA,10-12-2023,884,N657AW,DFW,16:07,15:47,-20
AA,10-12-2023,1523,N9026C,MIA,16:04,16:47,43
AA,10/13/2022,463,N766US,CLT,13:42,15:58,136
AA,10/13/2022,2983,N9029F,CLT,23:47,23:29,-18
AA,10/13/2023,364,N601AW,CLT,13:49,13:44,-5
AA,10/13/2023,516,N700UW,CLT,23:20,23:26,6
AA,10/13/2023,884,N657AW,DFW,16:07,15:37,-30
AA,10/13/2023,1523,N9002U,MIA,16:04,16:18,14
AA,10/14/2022,463,N770UW,CLT,13:42,14:27,45
AA,10/14/2022,2983,N9008U,CLT,23:47,23:44,-3
AA,10/14/2023,364,N108UW,CLT,13:49,13:46,-3
AA,10/14/2023,516,N700UW,CLT,21:07,20:55,-12
AA,10/14/2023,884,N662AW,DFW,16:07,15:44,-23
AA,10/15/2022,463,N663AW,CLT,13:42,13:42,0
AA,10/15/2022,2983,N705UW,CLT,21:20,21:23,3
AA,10/15/2023,364,N102UW,CLT,13:49,13:53,4
AA,10/15/2023,516,N776XF,CLT,23:20,23:26,6
AA,10/15/2023,884,N667AW,DFW,16:07,17:40,93
AA,10/15/2023,1523,N4005X,MIA,16:04,15:55,-9
AA,10/16/2022,463,N753US,CLT,13:42,13:33,-9
AA,10/16/2022,2983,N8027D,CLT,23:47,23:32,-15
AA,10/16/2023,364,N663AW,CLT,13:49,13:52,3
AA,10/16/2023,516,N711UW,CLT,23:20,23:05,-15
AA,10/16/2023,884,N655AW,DFW,16:07,16:14,7
AA,10/16/2023,1523,N8027D,MIA,16:04,15:48,-16
AA,10/17/2022,463,N838AW,CLT,13:42,13:38,-4
AA,10/17/2022,2983,N9012,CLT,23:47,23:43,-4
AA,10/17/2023,364,N102UW,CLT,13:49,14:10,21
AA,10/17/2023,516,N768US,CLT,23:20,23:24,4
AA,10/17/2023,884,N667AW,DFW,16:07,16:03,-4
AA,10/18/2022,463,N814AW,CLT,13:42,13:35,-7
AA,10/18/2022,2983,N747UW,CLT,21:20,21:12,-8
AA,10/18/2023,364,N107US,CLT,13:49,14:00,11
AA,10/18/2023,516,N713UW,CLT,23:20,00:01,41
AA,10/18/2023,884,N118US,DFW,16:07,17:18,71
AA,10/19/2022,463,N750UW,CLT,13:42,14:19,37
AA,10/19/2022,2983,N9004F,CLT,21:20,21:12,-8
AA,10/19/2023,364,N108UW,CLT,13:49,14:48,59
AA,10/19/2023,516,N817AW,CLT,23:20,23:35,15
AA,10/19/2023,884,N128UW,DFW,16:07,16:01,-6
AA,10/19/2023,1523,N9004F,MIA,16:04,15:52,-12
AA,10/20/2022,463,N744P,CLT,13:42,13:45,3
AA,10/20/2022,2983,N9021H,CLT,23:47,23:36,-11
AA,10/20/2023,364,N127UW,CLT,13:49,14:42,53
AA,10/20/2023,516,N839AW,CLT,23:20,01:51,151
AA,10/20/2023,884,N647AW,DFW,16:07,16:53,46
AA,10/20/2023,1523,N9026C,MIA,16:04,16:03,-1
AA,10/21/2022,463,N752US,CLT,13:42,13:36,-6
AA,10/21/2022,2983,N8027D,CLT,23:47,23:45,-2
AA,10/21/2023,364,N661AW,CLT,13:49,13:45,-4
AA,10/21/2023,516,N700UW,CLT,21:07,20:54,-13
AA,10/21/2023,884,N647AW,DFW,16:07,15:58,-9
AA,10/22/2022,463,N659AW,CLT,13:42,13:32,-10
AA,10/22/2022,2983,N679AW,CLT,21:20,21:06,-14
AA,10/22/2023,364,N668AW,CLT,13:49,13:50,1
AA,10/22/2023,516,N831AW,CLT,23:20,23:17,-3
AA,10/22/2023,884,N658AW,DFW,16:07,19:17,190
AA,10/22/2023,1523,N3014R,MIA,16:04,15:59,-5
AA,10/23/2022,463,N741UW,CLT,13:42,13:28,-14
AA,10/23/2022,2983,N9026C,CLT,23:47,23:54,7
AA,10/23/2023,364,N680AW,CLT,13:49,13:44,-5
AA,10/23/2023,516,N834AW,CLT,23:20,23:21,1
AA,10/23/2023,884,N126UW,DFW,16:07,18:50,163
AA,10/23/2023,1523,N9026C,MIA,16:04,15:57,-7
AA,10/24/2022,463,N741UW,CLT,13:42,13:35,-7
AA,10/24/2022,2983,N9016,CLT,23:47,23:45,-2
AA,10/24/2023,364,N832AW,CLT,13:49,13:42,-7
AA,10/24/2023,516,N755US,CLT,23:20,23:51,31
AA,10/24/2023,884,N604AW,DFW,16:07,16:07,0
AA,10/25/2022,463,N840AW,CLT,13:42,13:33,-9
AA,10/25/2022,2983,N741UW,CLT,21:20,22:38,78
AA,10/25/2023,364,N647AW,CLT,13:49,13:42,-7
AA,10/25/2023,516,N737US,CLT,23:20,23:24,4
AA,10/25/2023,884,N112US,DFW,16:07,15:55,-12
AA,10/26/2022,463,N741UW,CLT,13:42,13:34,-8
AA,10/26/2022,2983,N70020,CLT,21:20,21:06,-14
AA,10/26/2023,364,N649AW,CLT,13:49,14:10,21
AA,10/26/2023,516,N740UW,CLT,23:20,23:43,23
AA,10/26/2023,884,N102UW,DFW,16:07,15:38,-29
AA,10/26/2023,1523,N9019F,MIA,16:04,15:57,-7
AA,10/27/2022,463,N840AW,CLT,13:42,13:30,-12
AA,10/27/2022,2983,N9021H,CLT,23:47,23:35,-12
AA,10/27/2023,364,N601AW,CLT,13:49,13:44,-5
AA,10/27/2023,516,N740UW,CLT,23:20,00:41,81
AA,10/27/2023,884,N653AW,DFW,16:07,15:59,-8
AA,10/27/2023,1523,N4032T,MIA,16:04,15:53,-11
AA,10/28/2022,463,N741UW,CLT,13:42,13:30,-12
AA,10/28/2022,2983,N70020,CLT,23:47,23:31,-16
AA,10/28/2023,364,N650AW,CLT,13:49,13:58,9
AA,10/28/2023,884,N673AW,DFW,16:07,15:45,-22
AA,10/28/2023,2608,N765US,CLT,19:44,19:46,2
AA,10/29/2022,463,N601AW,CLT,13:42,13:35,-7
AA,10/29/2022,477,N70020,CLT,17:21,18:09,48
AA,10/29/2023,364,N103US,CLT,13:49,15:26,97
AA,10/29/2023,516,N709UW,CLT,23:20,23:21,1
AA,10/29/2023,884,N659AW,DFW,16:07,16:07,0
AA,10/30/2022,463,N737US,CLT,13:42,13:34,-8
AA,10/30/2022,2983,N191UW,CLT,23:47,00:16,29
AA,10/30/2023,364,N128UW,CLT,14:00,13:55,-5
AA,10/30/2023,884,N601AW,DFW,16:07,15:58,-9
AA,10/30/2023,2608,N752US,CLT,21:46,22:44,58
AA,10/31/2022,463,N815AW,CLT,13:42,13:41,-1
AA,10/31/2023,364,N123UW,CLT,14:00,13:50,-10
AA,10/31/2023,516,N3014R,CLT,17:06,16:56,-10
AA,10/31/2023,884,N665AW,DFW,16:07,15:50,-17
AA,11-01-2022,463,N746UW,CLT,13:42,13:30,-12
AA,11-01-2022,2983,N9025B,CLT,21:20,20:58,-22
AA,11-01-2023,364,N126UW,CLT,14:00,13:43,-17
AA,11-01-2023,516,N772XF,CLT,23:20,23:21,1
AA,11-01-2023,884,N673AW,DFW,16:07,15:43,-24
AA,11-02-2022,463,N757UW,CLT,13:42,13:27,-15
AA,11-02-2022,2983,N8030F,CLT,21:20,21:07,-13
AA,11-02-2023,364,N108UW,CLT,14:00,13:56,-4
AA,11-02-2023,516,N8027D,CLT,23:20,23:40,20
AA,11-02-2023,884,N658AW,DFW,16:07,16:00,-7
AA,11-03-2022,1646,N708UW,CLT,13:54,14:00,6
AA,11-03-2022,2037,N748UW,CLT,17:36,17:34,-2
AA,11-03-2022,2952,N832AW,CLT,23:41,23:29,-12
AA,11-03-2023,364,N669AW,CLT,14:00,13:57,-3
AA,11-03-2023,516,N744P,CLT,23:20,23:17,-3
AA,11-03-2023,884,N649AW,DFW,16:07,15:48,-19
AA,11-04-2022,1646,N769US,CLT,13:54,14:02,8
AA,11-04-2022,2037,N733UW,CLT,17:36,17:26,-10
AA,11-04-2022,2952,N177XF,CLT,23:41,23:27,-14
AA,11-04-2023,364,N659AW,CLT,14:00,13:52,-8
AA,11-04-2023,884,N128UW,DFW,16:07,15:51,-16
AA,11-05-2022,1646,N9019F,CLT,13:54,13:52,-2
AA,11-05-2022,2037,N837AW,CLT,17:36,17:49,13
AA,11-05-2022,2952,N652AW,CLT,23:45,00:23,38
AA,11-05-2023,2850,N652AW,DFW,15:59,16:19,20
AA,11-06-2022,1646,N825AW,CLT,13:54,13:59,5
AA,11-06-2022,2037,N756US,CLT,17:36,17:31,-5
AA,11-06-2022,2952,N714US,CLT,23:41,23:33,-8
AA,11-06-2023,2850,N109UW,DFW,15:59,18:33,154
AA,11-07-2022,1646,N804AW,CLT,13:54,13:48,-6
AA,11-07-2022,2037,N753US,CLT,17:36,17:29,-7
AA,11-07-2022,2952,N659AW,CLT,23:45,23:36,-9
AA,11-07-2023,2850,N647AW,DFW,15:59,15:44,-15
AA,11-08-2022,1646,N769US,CLT,13:54,13:55,1
AA,11-08-2022,2037,N721UW,CLT,17:36,17:48,12
AA,11-08-2022,2952,N669AW,CLT,23:45,00:29,44
AA,11-08-2023,2850,N128UW,DFW,15:59,15:54,-5
AA,11-09-2022,1646,N806AW,CLT,13:54,13:52,-2
AA,11-09-2022,2037,N762US,CLT,17:36,17:36,0
AA,11-09-2022,2952,N818AW,CLT,23:41,23:24,-17
AA,11-09-2023,2850,N673AW,DFW,15:59,16:07,8
AA,11-10-2022,1646,N807AW,CLT,13:54,13:44,-10
AA,11-10-2022,2037,N762US,CLT,17:36,17:34,-2
AA,11-10-2022,2952,N807AW,CLT,23:41,23:21,-20
AA,11-10-2023,2850,N647AW,DFW,15:59,15:56,-3
AA,11-11-2022,1646,N747UW,CLT,13:54,13:49,-5
AA,11-11-2022,2037,N725UW,CLT,17:36,17:55,19
AA,11-11-2022,2952,N805AW,CLT,23:41,00:08,27
AA,11-11-2023,2850,N8031M,DFW,15:59,18:03,124
AA,11-12-2022,1646,N754UW,CLT,13:54,14:17,23
AA,11-12-2022,2037,N744P,CLT,17:36,17:33,-3
AA,11-12-2022,2952,N653AW,CLT,23:45,23:25,-20
AA,11-12-2023,2850,N126UW,DFW,15:59,15:52,-7
AA,11/13/2022,1646,N835AW,CLT,13:54,14:37,43
AA,11/13/2022,2037,N835AW,CLT,17:36,18:49,73
AA,11/13/2022,2952,N840AW,CLT,23:41,23:18,-23
AA,11/13/2023,2850,N651AW,DFW,15:59,15:45,-14
AA,11/14/2022,1646,N808AW,CLT,13:54,13:41,-13
AA,11/14/2022,2037,N711UW,CLT,17:36,17:16,-20
AA,11/14/2022,2952,N838AW,CLT,23:41,23:28,-13
AA,11/14/2023,2850,N649AW,DFW,15:59,15:43,-16
AA,11/15/2022,1646,N809AW,CLT,13:54,13:51,-3
AA,11/15/2022,2037,N701UW,CLT,17:36,17:46,10
AA,11/15/2022,2952,N807AW,CLT,23:41,01:21,100
AA,11/15/2023,2850,N107US,DFW,15:59,15:49,-10
AA,11/16/2022,1646,N806AW,CLT,13:54,13:47,-7
AA,11/16/2022,2037,N725UW,CLT,17:36,17:18,-18
AA,11/16/2022,2952,N833AW,CLT,23:41,23:29,-12
AA,11/16/2023,2850,N102UW,DFW,15:59,15:53,-6
AA,11/17/2022,1646,N818AW,CLT,13:54,14:00,6
AA,11/17/2022,2037,N715UW,CLT,17:36,17:26,-10
AA,11/17/2022,2952,N767UW,CLT,23:41,23:24,-17
AA,11/17/2023,2850,N661AW,DFW,15:59,15:46,-13
AA,11/18/2022,1646,N760US,CLT,13:54,13:48,-6
AA,11/18/2022,2037,N716UW,CLT,17:36,17:29,-7
AA,11/18/2022,2952,N815AW,CLT,23:41,23:18,-23
AA,11/18/2023,2850,N680AW,DFW,15:59,17:53,114
AA,11/19/2022,1646,N745VJ,CLT,13:54,13:42,-12
AA,11/19/2022,2037,N9002U,CLT,17:36,17:24,-12
AA,11/19/2022,2952,N836AW,CLT,23:41,23:26,-15
AA,11/19/2023,2850,N128UW,DFW,15:59,15:46,-13
AA,11/20/2022,1646,N733UW,CLT,13:54,13:51,-3
AA,11/20/2022,2037,N828AW,CLT,17:36,17:23,-13
AA,11/20/2022,2952,N722US,CLT,23:41,23:46,5
AA,11/20/2023,2850,N128UW,DFW,15:59,16:43,44
AA,11/21/2022,1646,N708UW,CLT,13:54,13:54,0
AA,11/21/2022,2037,N705UW,CLT,17:36,17:38,2
AA,11/21/2022,2952,N802AW,CLT,23:41,23:29,-12
AA,11/21/2023,2850,N112US,DFW,15:59,17:44,105
AA,11/22/2022,1646,N816AW,CLT,13:54,13:45,-9
AA,11/22/2022,2037,N716UW,CLT,17:36,17:24,-12
AA,11/22/2022,2952,N775XF,CLT,23:41,23:17,-24
AA,11/22/2023,2850,N663AW,DFW,15:59,16:03,4
AA,11/23/2022,1646,N827AW,CLT,13:54,13:40,-14
AA,11/23/2022,2037,N750UW,CLT,17:36,17:32,-4
AA,11/23/2022,2952,N752US,CLT,23:41,23:24,-17
AA,11/24/2022,1646,N741UW,CLT,14:27,14:19,-8
AA,11/24/2023,2850,N126UW,DFW,15:59,15:44,-15
AA,11/25/2022,1646,N723UW,CLT,13:54,13:47,-7
AA,11/25/2022,2037,N708UW,CLT,17:36,17:22,-14
AA,11/25/2022,2952,N723UW,CLT,23:41,23:22,-19
AA,11/25/2023,2850,N661AW,DFW,15:59,15:42,-17
AA,11/26/2022,1646,N716UW,CLT,13:54,14:13,19
AA,11/26/2022,2037,N824AW,CLT,17:36,17:25,-11
AA,11/26/2022,2952,N827AW,CLT,23:41,00:06,25
AA,11/26/2023,2850,N102UW,DFW,15:59,17:55,0
AA,11/27/2022,1646,N825AW,CLT,13:54,13:50,-4
AA,11/27/2022,2037,N723UW,CLT,17:36,17:40,4
AA,11/27/2022,2952,N825AW,CLT,23:41,23:47,6
AA,11/27/2023,2850,N656AW,DFW,15:59,15:34,-25
AA,11/28/2022,1646,N716UW,CLT,13:54,13:49,-5
AA,11/28/2022,2037,N714US,CLT,17:36,17:21,-15
AA,11/28/2022,2952,N827AW,CLT,23:41,23:27,-14
AA,11/28/2023,2850,N663AW,DFW,15:59,15:44,-15
AA,11/29/2022,1646,N758US,CLT,13:54,13:49,-5
AA,11/29/2022,2037,N748UW,CLT,17:36,18:12,36
AA,11/29/2022,2952,N832AW,CLT,23:41,23:19,-22
AA,11/29/2023,2850,N663AW,DFW,15:59,15:40,-19
AA,11/30/2022,1646,N801AW,CLT,13:54,13:43,-11
AA,11/30/2022,2037,N832AW,CLT,17:30,17:23,-7
AA,11/30/2022,2952,N768US,CLT,23:33,00:30,57
AA,11/30/2023,2850,N661AW,DFW,15:59,16:23,24
AA,12-01-2022,1646,N827AW,CLT,13:54,14:01,7
AA,12-01-2022,2037,N827AW,CLT,17:30,17:13,-17
AA,12-01-2022,2952,N834AW,CLT,23:33,23:32,-1
AA,12-01-2023,2850,N124US,DFW,15:59,15:40,-19
AA,12-02-2022,1646,N827AW,CLT,13:54,13:47,-7
AA,12-02-2022,2037,N703UW,CLT,17:30,17:27,-3
AA,12-02-2022,2952,N758US,CLT,23:33,23:26,-7
AA,12-02-2023,2850,N661AW,DFW,15:59,15:52,-7
AA,12-03-2022,1646,N837AW,CLT,13:54,14:00,6
AA,12-03-2022,2037,N183UW,CLT,17:30,18:00,30
AA,12-03-2022,2952,N750UW,CLT,23:33,23:25,-8
AA,12-03-2023,2850,N122US,DFW,15:59,15:54,-5
AA,12-04-2022,1646,N722US,CLT,13:54,14:59,65
AA,12-04-2022,2037,N771XF,CLT,17:30,17:25,-5
AA,12-04-2022,2952,N737US,CLT,23:33,23:26,-7
AA,12-04-2023,2850,N604AW,DFW,15:59,15:37,-22
AA,12-05-2022,1646,N750UW,CLT,13:54,13:53,-1
AA,12-05-2022,2037,N738US,CLT,17:30,17:25,-5
AA,12-05-2022,2952,N709UW,CLT,23:33,23:37,4
AA,12-05-2023,2850,N651AW,DFW,15:56,15:46,-10
AA,12-06-2022,1646,N805AW,CLT,13:54,13:45,-9
AA,12-06-2022,2037,N771XF,CLT,17:30,18:03,33
AA,12-06-2022,2952,N711UW,CLT,23:33,23:37,4
AA,12-06-2023,2850,N652AW,DFW,15:56,16:13,17
AA,12-07-2022,1646,N830AW,CLT,13:54,13:54,0
AA,12-07-2022,2037,N714US,CLT,17:30,17:43,13
AA,12-07-2022,2952,N768US,CLT,23:33,06:11,398
AA,12-07-2023,2850,N112US,DFW,15:56,16:21,25
AA,12-08-2022,1646,N839AW,CLT,13:54,13:47,-7
AA,12-08-2022,2037,N714US,CLT,17:30,18:25,55
AA,12-08-2022,2952,N733UW,CLT,23:33,23:34,1
AA,12-08-2023,2850,N652AW,DFW,15:56,15:53,-3
AA,12-09-2022,1646,N758US,CLT,13:54,13:48,-6
AA,12-09-2022,2037,N746UW,CLT,17:30,18:39,69
AA,12-09-2022,2952,N804AW,CLT,23:33,06:31,418
AA,12-09-2023,2850,N104UW,DFW,15:56,15:46,-10
AA,12-10-2022,1646,N915US,CLT,13:54,14:19,25
AA,12-10-2022,2037,N764US,CLT,17:30,17:42,12
AA,12-10-2022,2952,N813AW,CLT,23:33,23:41,8
AA,12-10-2023,2850,N664AW,DFW,15:56,16:22,26
AA,12-11-2022,1646,N717UW,CLT,13:54,13:54,0
AA,12-11-2022,2037,N742PS,CLT,17:30,17:30,0
AA,12-11-2022,2952,N801AW,CLT,23:33,23:27,-6
AA,12-11-2023,2850,N121UW,DFW,15:56,16:21,25
AA,12-12-2022,1646,N832AW,CLT,13:54,13:42,-12
AA,12-12-2022,2037,N177XF,CLT,17:30,17:39,9
AA,12-12-2022,2952,N830AW,CLT,23:33,07:35,482
AA,12-12-2023,2850,N104UW,DFW,15:56,16:09,13
AA,12/13/2022,1646,N753US,CLT,13:54,15:53,119
AA,12/13/2022,2037,N177XF,CLT,17:30,17:27,-3
AA,12/13/2022,2952,N831AW,CLT,23:33,23:47,14
AA,12/13/2023,2850,N112US,DFW,15:56,15:51,-5
AA,12/14/2022,1646,N801AW,CLT,13:54,13:52,-2
AA,12/14/2022,2037,N9010R,CLT,17:30,17:27,-3
AA,12/14/2022,2952,N833AW,CLT,23:33,23:31,-2
AA,12/14/2023,2850,N126UW,DFW,15:56,15:53,-3
AA,12/15/2022,1646,N746UW,CLT,13:59,15:03,64
AA,12/15/2022,2037,N90024,CLT,17:17,17:59,42
AA,12/15/2022,2952,N90024,CLT,23:36,01:00,84
AA,12/15/2023,2850,N680AW,DFW,15:56,15:52,-4
AA,12/16/2022,1646,N827AW,CLT,13:59,14:15,16
AA,12/16/2022,2037,N815AW,CLT,17:17,17:24,7
AA,12/16/2022,2952,N833AW,CLT,23:36,05:47,371
AA,12/16/2023,2850,N673AW,DFW,15:56,15:47,-9
AA,12/17/2022,1646,N177XF,CLT,13:59,14:24,25
AA,12/17/2022,2037,N812AW,CLT,17:17,17:25,8
AA,12/17/2022,2952,N840AW,CLT,23:36,23:40,4
AA,12/17/2023,2850,N660AW,DFW,15:56,15:56,0
AA,12/18/2022,1646,N771XF,CLT,13:59,15:04,65
AA,12/18/2022,2037,N830AW,CLT,17:17,17:27,10
AA,12/18/2022,2952,N833AW,CLT,23:36,23:16,-20
AA,12/18/2023,2850,N653AW,DFW,15:56,16:11,15
AA,12/19/2022,1646,N745VJ,CLT,14:05,14:00,-5
AA,12/19/2022,2037,N745VJ,CLT,17:17,17:21,4
AA,12/19/2022,2952,N814AW,CLT,23:36,23:34,-2
AA,12/19/2023,2850,N650AW,DFW,15:56,16:01,5
AA,12/20/2022,1646,N748UW,CLT,14:05,15:17,72
AA,12/20/2022,2037,N712US,CLT,17:17,17:08,-9
AA,12/20/2022,2952,N829AW,CLT,23:36,23:17,-19
AA,12/20/2023,2850,N114UW,DFW,15:25,15:24,-1
AA,12/21/2022,1646,N763US,CLT,13:59,13:52,-7
AA,12/21/2022,2037,N763US,CLT,17:17,17:12,-5
AA,12/21/2022,2952,N744P,CLT,23:36,00:00,0
AA,12/21/2023,2850,N124US,DFW,15:25,15:27,2
AA,12/22/2022,1646,N820AW,CLT,13:59,14:35,36
AA,12/22/2022,2037,N832AW,CLT,17:17,17:55,38
AA,12/22/2022,2952,N817AW,CLT,23:36,23:35,-1
AA,12/22/2023,2850,N114UW,DFW,15:25,15:45,20
AA,12/23/2022,1646,N744P,CLT,13:59,14:08,9
AA,12/23/2022,2037,N744P,CLT,17:17,18:42,85
AA,12/23/2022,2952,N804AW,CLT,23:36,00:48,72
AA,12/23/2023,2850,N653AW,DFW,15:25,15:14,-11
AA,12/24/2022,406,N822AW,CLT,17:00,16:54,-6
AA,12/24/2022,1646,N822AW,CLT,13:59,14:06,7
AA,12/25/2022,1646,N758US,CLT,13:59,16:52,173
AA,12/25/2022,2037,N819AW,CLT,17:17,20:48,211
AA,12/25/2022,2952,N828AW,CLT,23:36,23:29,-7
AA,12/25/2023,2850,N652AW,DFW,15:25,15:13,-12
AA,12/26/2022,1646,N122US,CLT,13:59,16:05,126
AA,12/26/2022,2037,N650AW,CLT,17:17,18:42,85
AA,12/26/2022,2952,N760US,CLT,23:36,23:22,-14
AA,12/26/2023,2850,N102UW,DFW,15:25,15:56,31
AA,12/27/2022,1646,N807AW,CLT,13:59,16:23,144
AA,12/27/2022,2037,N732US,CLT,17:17,17:47,30
AA,12/27/2022,2952,N807AW,CLT,23:36,01:00,84
AA,12/27/2023,2850,N114UW,DFW,15:25,15:26,1
AA,12/28/2022,1646,N760US,CLT,13:59,13:59,0
AA,12/28/2022,2037,N807AW,CLT,17:17,17:06,-11
AA,12/28/2022,2952,N760US,CLT,23:36,00:02,26
AA,12/28/2023,2850,N126UW,DFW,15:25,16:06,41
AA,12/29/2022,1646,N760US,CLT,13:59,14:15,16
AA,12/29/2022,2037,N805AW,CLT,17:17,17:09,-8
AA,12/29/2022,2952,N762US,CLT,23:36,23:39,3
AA,12/29/2023,2850,N650AW,DFW,15:25,15:25,0
AA,12/30/2022,1646,N723UW,CLT,13:59,13:56,-3
AA,12/30/2022,2037,N178US,CLT,17:17,17:29,12
AA,12/30/2022,2952,N757UW,CLT,23:36,23:37,1
AA,12/30/2023,2850,N657AW,DFW,15:25,15:31,6
AA,12/31/2022,406,N668AW,CLT,17:07,17:01,-6
AA,12/31/2022,1646,N746UW,CLT,13:59,13:47,-12
AA,12/31/2023,2850,N679AW,DFW,15:25,15:14,-11
