Carrier Code,Date (MM/DD/YYYY),Flight Number,Tail Number,Destination Airport,Scheduled departure time,Actual departure time,Status
AA,01-01-2023,1646,N839AW,CLT,14:39,14:33,-6
AA,01-01-2023,2037,N828AW,CLT,17:57,18:00,3
AA,01-01-2023,2730,N668AW,CLT,11:05,11:02,-3
AA,01-01-2024,2850,N679AW,DFW,16:11,18:39,148
AA,01-02-2023,1646,N836AW,CLT,14:39,14:34,-5
AA,01-02-2023,2037,N717UW,CLT,17:57,17:56,-1
AA,01-02-2023,2651,N700UW,CLT,07:00,00:00,0
AA,01-02-2024,2850,N649AW,DFW,16:11,16:35,24
AA,01-03-2023,1646,N833AW,CLT,14:39,14:39,0
AA,01-03-2023,2037,N741UW,CLT,17:57,18:43,46
AA,01-03-2023,2651,N813AW,CLT,07:00,06:53,-7
AA,01-03-2024,2850,N663AW,DFW,16:11,16:21,10
AA,01-04-2023,1646,N742PS,CLT,14:39,19:01,262
AA,01-04-2023,2037,N806AW,CLT,17:57,00:00,0
AA,01-04-2023,2651,N102UW,CLT,07:00,07:18,18
AA,01-04-2024,2850,N128UW,DFW,16:11,16:26,15
AA,01-05-2023,1646,N755US,CLT,14:39,14:35,-4
AA,01-05-2023,2037,N738US,CLT,17:57,17:57,0
AA,01-05-2023,2651,N755US,CLT,07:00,06:55,-5
AA,01-05-2024,2850,N673AW,DFW,16:11,16:04,-7
AA,01-06-2023,1646,N840AW,CLT,14:39,14:36,-3
AA,01-06-2023,2037,N821AW,CLT,17:57,17:44,-13
AA,01-06-2023,2651,N771XF,CLT,07:00,07:37,37
AA,01-06-2024,2850,N107US,DFW,16:10,16:05,-5
AA,01-07-2023,1646,N744P,CLT,14:39,17:04,145
AA,01-07-2023,2037,N831AW,CLT,17:57,18:17,20
AA,01-07-2023,2651,N753US,CLT,07:00,06:58,-2
AA,01-07-2024,2850,N656AW,DFW,16:11,16:05,-6
AA,01-08-2023,1646,N764US,CLT,14:39,14:31,-8
AA,01-08-2023,2037,N825AW,CLT,17:57,17:43,-14
AA,01-08-2023,2651,N753US,CLT,07:00,06:58,-2
AA,01-09-2023,1646,N754UW,CLT,14:39,14:42,3
AA,01-09-2023,2037,N807AW,CLT,17:57,17:45,-12
AA,01-09-2023,2651,N754UW,CLT,07:00,06:56,-4
AA,01-10-2023,1646,N776XF,CLT,14:30,14:24,-6
AA,01-10-2023,2651,N776XF,CLT,07:00,06:55,-5
AA,01-10-2024,1086,N663AW,CLT,05:38,05:31,-7
AA,01-11-2023,1646,N705UW,CLT,14:30,15:08,38
AA,01-11-2023,2651,N679AW,CLT,07:00,09:42,162
AA,01-12-2023,1646,N702UW,CLT,14:30,14:30,0
AA,01-12-2023,2651,N754UW,CLT,07:00,07:00,0
AA,01/13/2023,1646,N807AW,CLT,14:30,14:30,0
AA,01/13/2023,2651,N756US,CLT,07:00,06:51,-9
AA,01/14/2023,2651,N817AW,CLT,07:27,07:24,-3
AA,01/14/2024,1086,N9002U,CLT,05:08,05:09,1
AA,01/15/2023,1646,N714US,CLT,14:30,14:26,-4
AA,01/15/2023,1720,N769US,CLT,11:08,11:06,-2
AA,01/16/2023,1646,N835AW,CLT,14:30,14:24,-6
AA,01/16/2023,2651,N732US,CLT,07:00,06:54,-6
AA,01/17/2023,1646,N745VJ,CLT,14:30,14:27,-3
AA,01/17/2023,2651,N802AW,CLT,07:00,06:59,-1
AA,01/17/2024,1086,N680AW,CLT,05:38,07:26,108
AA,01/18/2023,1646,N840AW,CLT,14:30,14:24,-6
AA,01/18/2023,2651,N802AW,CLT,07:00,07:50,50
AA,01/19/2023,1646,N831AW,CLT,14:30,14:25,-5
AA,01/19/2023,2651,N804AW,CLT,07:00,06:57,-3
AA,01/20/2023,1646,N714US,CLT,14:30,14:40,10
AA,01/20/2023,2651,N723UW,CLT,07:00,06:58,-2
AA,01/21/2023,2651,N837AW,CLT,07:27,07:20,-7
AA,01/22/2023,1646,N757UW,CLT,14:30,14:30,0
AA,01/22/2023,2651,N740UW,CLT,07:00,06:52,-8
AA,01/23/2023,1646,N814AW,CLT,14:30,14:27,-3
AA,01/23/2023,2651,N750UW,CLT,07:00,06:59,-1
AA,01/24/2023,1646,N833AW,CLT,14:30,14:23,-7
AA,01/24/2023,2651,N702UW,CLT,07:00,06:58,-2
AA,01/24/2024,1086,N680AW,CLT,05:38,05:30,-8
AA,01/25/2023,1646,N748UW,CLT,14:30,14:45,15
AA,01/25/2023,2651,N814AW,CLT,07:00,07:20,20
AA,01/26/2023,1646,N742PS,CLT,14:30,14:42,12
AA,01/26/2023,2651,N817AW,CLT,07:00,07:04,4
AA,01/27/2023,1646,N583UW,CLT,14:30,15:05,35
AA,01/27/2023,2651,N742PS,CLT,07:00,06:58,-2
AA,01/28/2023,2651,N817AW,CLT,07:27,07:23,-4
AA,01/29/2023,1646,N711UW,CLT,14:30,14:28,-2
AA,01/29/2023,2651,N755US,CLT,07:00,06:54,-6
AA,01/30/2023,1646,N710UW,CLT,14:30,14:22,-8
AA,01/30/2023,2651,N161UW,CLT,07:00,06:52,-8
AA,01/31/2023,1646,N721UW,CLT,14:30,14:57,27
AA,01/31/2023,2651,N802AW,CLT,07:00,06:55,-5
AA,01/31/2024,1086,N112US,CLT,05:38,05:30,-8
AA,02-01-2023,1646,N725UW,CLT,14:30,14:19,-11
AA,02-01-2023,2651,N813AW,CLT,07:00,06:59,-1
AA,02-02-2023,1646,N836AW,CLT,14:30,14:20,-10
AA,02-02-2023,2651,N751UW,CLT,07:00,07:00,0
AA,02-03-2023,2447,N804AW,CLT,18:11,18:04,-7
AA,02-03-2023,2651,N712US,CLT,07:10,07:01,-9
AA,02-04-2023,2651,N762US,CLT,07:10,07:03,-7
AA,02-05-2023,2447,N700UW,CLT,18:11,18:15,4
AA,02-05-2023,2651,N834AW,CLT,07:10,07:05,-5
AA,02-06-2023,2447,N724UW,CLT,18:11,18:02,-9
AA,02-06-2023,2651,N762US,CLT,07:10,07:04,-6
AA,02-07-2023,2447,N751UW,CLT,18:11,18:05,-6
AA,02-07-2023,2651,N9006,CLT,07:10,07:08,-2
AA,02-07-2024,1086,N104UW,CLT,05:38,05:29,-9
AA,02-08-2023,2447,N748UW,CLT,18:11,18:11,0
AA,02-08-2023,2651,N763US,CLT,07:10,07:06,-4
AA,02-09-2023,2447,N70020,CLT,18:11,18:21,10
AA,02-09-2023,2651,N834AW,CLT,07:10,07:06,-4
AA,02-10-2023,2447,N708UW,CLT,18:11,18:04,-7
AA,02-10-2023,2651,N748UW,CLT,07:10,07:05,-5
AA,02-11-2023,2651,N832AW,CLT,07:10,07:09,-1
AA,02-12-2023,2447,N722US,CLT,18:11,18:02,-9
AA,02-12-2023,2651,N820AW,CLT,07:10,07:31,21
AA,02/13/2023,2447,N810AW,CLT,18:11,18:05,-6
AA,02/13/2023,2651,N820AW,CLT,07:10,07:05,-5
AA,02/14/2023,2447,N730US,CLT,18:11,18:00,-11
AA,02/14/2023,2651,N840AW,CLT,07:10,07:08,-2
AA,02/14/2024,1086,N657AW,CLT,05:38,05:29,-9
AA,02/15/2023,2447,N722US,CLT,18:11,18:19,8
AA,02/15/2023,2651,N830AW,CLT,07:10,07:05,-5
AA,02/16/2023,2447,N730US,CLT,18:11,18:01,-10
AA,02/16/2023,2651,N9026C,CLT,07:10,07:07,-3
AA,02/17/2023,2447,N772XF,CLT,18:11,17:59,-12
AA,02/17/2023,2651,N762US,CLT,07:10,07:04,-6
AA,02/18/2023,2651,N827AW,CLT,07:10,07:02,-8
AA,02/19/2023,2447,N773XF,CLT,18:11,18:48,37
AA,02/19/2023,2651,N769US,CLT,07:10,07:45,35
AA,02/20/2023,2447,N711UW,CLT,18:11,19:43,92
AA,02/20/2023,2651,N821AW,CLT,07:10,07:08,-2
AA,02/21/2023,2447,N711UW,CLT,18:11,18:06,-5
AA,02/21/2023,2651,N834AW,CLT,07:10,07:16,6
AA,02/22/2023,2447,N805AW,CLT,18:11,18:05,-6
AA,02/22/2023,2651,N748UW,CLT,07:10,07:02,-8
AA,02/23/2023,2447,N773XF,CLT,18:11,19:15,64
AA,02/23/2023,2651,N749US,CLT,07:10,07:01,-9
AA,02/24/2023,2447,N708UW,CLT,18:11,18:01,-10
AA,02/24/2023,2651,N825AW,CLT,07:10,07:08,-2
AA,02/25/2023,2651,N738US,CLT,07:10,07:05,-5
AA,02/26/2023,2447,N702UW,CLT,18:11,18:05,-6
AA,02/26/2023,2651,N757UW,CLT,07:10,07:10,0
AA,02/27/2023,2447,N768US,CLT,18:11,18:50,39
AA,02/27/2023,2651,N775XF,CLT,07:10,07:07,-3
AA,02/28/2023,2447,N802AW,CLT,18:11,18:22,11
AA,02/28/2023,2651,N772XF,CLT,07:10,07:03,-7
AA,03-01-2023,876,N829AW,CLT,18:24,18:19,-5
AA,03-01-2023,2651,N839AW,CLT,07:25,07:20,-5
AA,03-02-2023,876,N828AW,CLT,18:24,18:45,21
AA,03-02-2023,2651,N829AW,CLT,07:25,07:21,-4
AA,03-03-2023,876,N813AW,CLT,18:24,23:00,276
AA,03-03-2023,2651,N813AW,CLT,07:10,07:05,-5
AA,03-04-2023,2651,N821AW,CLT,07:10,09:29,139
AA,03-05-2023,876,N826AW,CLT,18:24,18:23,-1
AA,03-05-2023,2651,N813AW,CLT,07:10,07:05,-5
AA,03-06-2023,876,N9018E,CLT,18:24,19:46,82
AA,03-06-2023,2651,N832AW,CLT,07:10,07:04,-6
AA,03-07-2023,876,N831AW,CLT,18:24,18:17,-7
AA,03-07-2023,2651,N740UW,CLT,07:10,07:28,18
AA,03-08-2023,876,N703UW,CLT,18:24,18:17,-7
AA,03-08-2023,2651,N701UW,CLT,07:10,07:05,-5
AA,03-09-2023,876,N723UW,CLT,18:24,18:18,-6
AA,03-09-2023,2651,N104UW,CLT,07:10,07:12,2
AA,03-10-2023,876,N823AW,CLT,18:24,18:20,-4
AA,03-10-2023,2651,N775XF,CLT,07:10,07:04,-6
AA,03-11-2023,2651,N817AW,CLT,07:10,07:00,-10
AA,03-12-2023,876,N702UW,CLT,18:24,18:19,-5
AA,03-12-2023,2651,N832AW,CLT,07:10,07:03,-7
AA,03/13/2023,876,N753US,CLT,18:24,18:24,0
AA,03/13/2023,2651,N815AW,CLT,07:10,07:05,-5
AA,03/14/2023,876,N725UW,CLT,18:24,18:24,0
AA,03/14/2023,2651,N824AW,CLT,07:10,21:35,865
AA,03/15/2023,876,N824AW,CLT,18:24,18:28,4
AA,03/15/2023,2651,N820AW,CLT,07:10,07:07,-3
AA,03/16/2023,876,N745VJ,CLT,18:24,18:18,-6
AA,03/16/2023,2651,N823AW,CLT,07:10,07:05,-5
AA,03/17/2023,876,N704US,CLT,18:24,18:22,-2
AA,03/17/2023,2651,N758US,CLT,07:10,07:07,-3
AA,03/18/2023,2651,N9029F,CLT,07:10,07:00,-10
AA,03/19/2023,876,N767UW,CLT,18:24,18:14,-10
AA,03/19/2023,2651,N828AW,CLT,07:10,07:07,-3
AA,03/20/2023,876,N705UW,CLT,18:24,18:17,-7
AA,03/20/2023,2651,N755US,CLT,07:10,07:08,-2
AA,03/21/2023,876,N709UW,CLT,18:24,18:19,-5
AA,03/21/2023,2651,N835AW,CLT,07:10,07:00,-10
AA,03/22/2023,876,N722US,CLT,18:24,18:41,17
AA,03/22/2023,2651,N755US,CLT,07:10,07:02,-8
AA,03/23/2023,876,N708UW,CLT,18:24,18:18,-6
AA,03/23/2023,2651,N803AW,CLT,07:10,07:55,45
AA,03/24/2023,876,N717UW,CLT,18:24,19:51,87
AA,03/24/2023,2651,N740UW,CLT,07:10,07:04,-6
AA,03/25/2023,2651,N725UW,CLT,07:10,07:37,27
AA,03/26/2023,876,N703UW,CLT,18:24,19:06,42
AA,03/26/2023,2651,N809AW,CLT,07:10,07:08,-2
AA,03/27/2023,876,N721UW,CLT,18:24,18:19,-5
AA,03/27/2023,2651,N814AW,CLT,07:10,07:31,21
AA,03/28/2023,876,N825AW,CLT,18:24,18:16,-8
AA,03/28/2023,2651,N177XF,CLT,07:10,07:06,-4
AA,03/29/2023,876,N721UW,CLT,18:24,18:21,-3
AA,03/29/2023,2651,N835AW,CLT,07:10,07:01,-9
AA,03/30/2023,876,N754UW,CLT,18:24,18:17,-7
AA,03/30/2023,2651,N708UW,CLT,07:10,07:37,27
AA,03/31/2023,876,N767UW,CLT,18:24,18:30,6
AA,03/31/2023,2651,N758US,CLT,07:10,07:10,0
AA,04-01-2023,2651,N12028,CLT,07:10,07:02,-8
AA,04-02-2023,876,N772XF,CLT,18:24,19:20,56
AA,04-02-2023,2651,N760US,CLT,07:10,07:02,-8
AA,04-03-2023,876,N723UW,CLT,18:24,18:26,2
AA,04-03-2023,2651,N840AW,CLT,07:10,07:08,-2
AA,04-04-2023,585,N823AW,DFW,07:48,07:49,1
AA,04-04-2023,812,N764US,DFW,16:18,16:10,-8
AA,04-04-2024,839,N9018E,DFW,17:16,21:49,273
AA,04-05-2023,812,N764US,DFW,16:18,17:36,78
AA,04-05-2024,839,N122US,DFW,17:16,17:10,-6
AA,04-06-2023,812,N745VJ,DFW,16:18,16:17,-1
AA,04-07-2023,812,N760US,DFW,16:18,16:23,5
AA,04-08-2023,812,N702UW,DFW,16:18,16:11,-7
AA,04-09-2023,812,N775XF,DFW,16:18,16:16,-2
AA,04-09-2024,839,N111US,DFW,17:16,17:42,26
AA,04-10-2023,812,N702UW,DFW,16:18,16:13,-5
AA,04-10-2024,839,N112US,DFW,17:16,20:13,177
AA,04-11-2023,812,N755US,DFW,16:18,17:00,42
AA,04-12-2023,812,N833AW,DFW,16:18,16:19,1
AA,04-12-2024,839,N657AW,DFW,17:16,17:11,-5
AA,04/13/2023,812,N763US,DFW,16:18,22:29,371
AA,04/14/2023,812,N838AW,DFW,16:18,16:29,11
AA,04/15/2023,812,N837AW,DFW,16:18,16:41,23
AA,04/15/2024,839,N604AW,DFW,17:16,19:37,141
AA,04/16/2023,812,N817AW,DFW,16:18,16:19,1
AA,04/17/2023,812,N817AW,DFW,16:18,16:30,12
AA,04/17/2024,839,N668AW,DFW,17:16,17:11,-5
AA,04/18/2023,812,N817AW,DFW,16:18,16:47,29
AA,04/18/2024,839,N668AW,DFW,17:16,18:50,94
AA,04/19/2023,812,N778XF,DFW,16:18,16:16,-2
AA,04/20/2023,812,N830AW,DFW,16:18,18:48,150
AA,04/20/2024,839,N659AW,DFW,17:16,00:00,0
AA,04/21/2023,812,N822AW,DFW,16:18,16:22,4
AA,04/22/2023,812,N835AW,DFW,16:18,16:21,3
AA,04/23/2023,812,N714US,DFW,16:18,16:21,3
AA,04/24/2023,812,N764US,DFW,16:18,16:18,0
AA,04/24/2024,839,N118US,DFW,17:16,17:12,-4
AA,04/25/2023,812,N806AW,DFW,16:18,16:23,5
AA,04/26/2023,812,N817AW,DFW,16:18,19:03,165
AA,04/26/2024,839,N650AW,DFW,17:16,18:38,82
AA,04/27/2023,812,N166NN,DFW,16:18,16:14,-4
AA,04/28/2023,812,N809AW,DFW,16:18,12:09,1191
AA,04/29/2023,812,N754UW,DFW,16:18,17:35,77
AA,04/30/2023,812,N713UW,DFW,16:18,00:00,0
AA,05-01-2023,812,N754UW,DFW,16:18,16:38,20
AA,05-01-2024,839,N102UW,DFW,17:16,17:01,1425
AA,05-02-2023,812,N742PS,DFW,16:18,16:20,2
AA,05-02-2024,839,N125UW,DFW,17:16,19:10,114
AA,05-03-2023,812,N772XF,DFW,16:18,16:19,1
AA,05-03-2024,839,N673AW,DFW,17:16,18:30,74
AA,05-04-2023,812,N776XF,DFW,16:18,16:11,-7
AA,05-04-2024,839,N126UW,DFW,17:16,17:15,-1
AA,05-05-2023,739,N835AW,DFW,16:28,17:50,82
AA,05-05-2023,750,N764US,CLT,20:21,20:11,-10
AA,05-05-2023,769,N701UW,CLT,14:37,15:03,26
AA,05-05-2023,2730,N732US,CLT,11:04,11:03,-1
AA,05-05-2024,839,N652AW,DFW,17:16,17:42,26
AA,05-06-2023,739,N9021H,DFW,16:28,16:26,-2
AA,05-06-2023,2651,N767UW,CLT,06:45,06:43,-2
AA,05-06-2024,2311,N649AW,DFW,16:30,16:44,14
AA,05-06-2024,2416,N723UW,CLT,18:29,18:44,15
AA,05-07-2023,739,N756US,DFW,16:28,16:27,-1
AA,05-07-2023,750,N801AW,CLT,20:21,23:11,170
AA,05-07-2023,769,N822AW,CLT,14:37,14:46,9
AA,05-07-2023,2651,N119US,CLT,06:45,06:40,-5
AA,05-07-2023,2730,N722US,CLT,11:04,11:09,5
AA,05-07-2024,2311,N123UW,DFW,16:30,16:58,28
AA,05-07-2024,2348,N713UW,CLT,07:06,07:16,10
AA,05-07-2024,2416,N703UW,CLT,18:32,18:48,16
AA,05-08-2023,739,N709UW,DFW,16:28,16:25,-3
AA,05-08-2023,750,N725UW,CLT,20:21,20:11,-10
AA,05-08-2023,769,N769US,CLT,14:37,14:32,-5
AA,05-08-2023,2651,N755US,CLT,06:45,06:41,-4
AA,05-08-2023,2730,N123UW,CLT,11:04,11:04,0
AA,05-08-2024,2311,N659AW,DFW,16:30,16:37,7
AA,05-08-2024,2348,N830AW,CLT,07:06,07:15,9
AA,05-08-2024,2416,N713UW,CLT,18:32,19:48,76
AA,05-09-2023,739,N765US,DFW,16:28,16:48,20
AA,05-09-2023,769,N723UW,CLT,14:37,17:34,177
AA,05-09-2023,2651,N807AW,CLT,06:45,07:26,41
AA,05-09-2023,2730,N775XF,CLT,11:04,11:26,22
AA,05-09-2024,2311,N103US,DFW,16:30,17:25,55
AA,05-09-2024,2348,N746UW,CLT,07:06,07:29,23
AA,05-09-2024,2416,N713UW,CLT,18:32,20:07,95
AA,05-10-2023,739,N762US,DFW,16:28,16:46,18
AA,05-10-2023,750,N818AW,CLT,20:21,21:34,73
AA,05-10-2023,769,N778XF,CLT,14:37,14:36,-1
AA,05-10-2023,2651,N831AW,CLT,06:45,06:44,-1
AA,05-10-2023,2730,N831AW,CLT,11:04,11:03,-1
AA,05-10-2024,2311,N124US,DFW,16:30,16:26,-4
AA,05-10-2024,2348,N724UW,CLT,07:06,07:04,-2
AA,05-10-2024,2416,N755US,CLT,18:39,21:31,172
AA,05-11-2023,739,N820AW,DFW,16:28,16:37,9
AA,05-11-2023,750,N712US,CLT,20:21,20:11,-10
AA,05-11-2023,769,N768US,CLT,14:37,14:40,3
AA,05-11-2023,2651,N738US,CLT,06:45,06:46,1
AA,05-11-2023,2730,N752US,CLT,11:04,11:15,11
AA,05-11-2024,2311,N664AW,DFW,16:30,16:52,22
AA,05-11-2024,2348,N802AW,CLT,07:06,07:03,-3
AA,05-11-2024,2416,N721UW,CLT,19:48,19:43,-5
AA,05-12-2023,739,N773XF,DFW,16:28,19:00,152
AA,05-12-2023,750,N737US,CLT,20:21,20:11,-10
AA,05-12-2023,769,N775XF,CLT,14:37,14:35,-2
AA,05-12-2023,2651,N752US,CLT,06:45,07:07,22
AA,05-12-2023,2730,N724UW,CLT,11:04,11:10,6
AA,05-12-2024,2311,N119US,DFW,16:30,18:40,130
AA,05-12-2024,2348,N804AW,CLT,07:06,07:01,-5
AA,05-12-2024,2416,N802AW,CLT,18:32,18:49,17
AA,05/13/2023,739,N836AW,DFW,16:28,16:30,2
AA,05/13/2023,2651,N724UW,CLT,06:45,06:57,12
AA,05/13/2024,2311,N663AW,DFW,16:30,17:07,37
AA,05/13/2024,2348,N716UW,CLT,07:06,07:17,11
AA,05/13/2024,2416,N749US,CLT,18:32,18:33,1
AA,05/14/2023,739,N730US,DFW,16:28,16:59,31
AA,05/14/2023,750,N742PS,CLT,20:21,20:31,10
AA,05/14/2023,769,N822AW,CLT,14:34,18:06,212
AA,05/14/2023,2651,N748UW,CLT,06:45,06:47,2
AA,05/14/2023,2730,N703UW,CLT,11:04,11:04,0
AA,05/14/2024,2311,N121UW,DFW,16:30,16:29,-1
AA,05/14/2024,2348,N710UW,CLT,07:06,08:00,54
AA,05/14/2024,2416,N716UW,CLT,18:32,18:31,-1
AA,05/15/2023,739,N751UW,DFW,16:28,16:35,7
AA,05/15/2023,750,N822AW,CLT,20:21,20:13,-8
AA,05/15/2023,769,N762US,CLT,14:37,09:17,1120
AA,05/15/2023,2651,N822AW,CLT,06:45,06:47,2
AA,05/15/2023,2730,N813AW,CLT,11:04,11:12,8
AA,05/15/2024,2311,N661AW,DFW,16:30,17:59,89
AA,05/15/2024,2348,N749US,CLT,07:06,08:03,57
AA,05/15/2024,2416,N721UW,CLT,18:32,00:00,0
AA,05/16/2023,739,N775XF,DFW,16:28,16:28,0
AA,05/16/2023,769,N774XF,CLT,14:37,14:33,-4
AA,05/16/2023,2651,N748UW,CLT,06:45,06:59,14
AA,05/16/2023,2730,N766US,CLT,11:04,11:02,-2
AA,05/16/2024,2311,N653AW,DFW,16:30,17:22,52
AA,05/16/2024,2348,N760US,CLT,07:06,07:11,5
AA,05/16/2024,2416,N711UW,CLT,18:32,18:54,22
AA,05/17/2023,739,N767UW,DFW,16:28,16:40,12
AA,05/17/2023,750,N714US,CLT,20:21,20:11,-10
AA,05/17/2023,769,N772XF,CLT,14:37,16:04,87
AA,05/17/2023,2651,N9018E,CLT,06:45,06:36,-9
AA,05/17/2023,2730,N722US,CLT,11:04,11:16,12
AA,05/17/2024,2311,N114UW,DFW,16:30,17:08,38
AA,05/17/2024,2348,N835AW,CLT,07:06,07:06,0
AA,05/17/2024,2416,N9023N,CLT,18:32,21:26,174
AA,05/18/2023,739,N708UW,DFW,16:28,16:53,25
AA,05/18/2023,750,N773XF,CLT,20:21,20:11,-10
AA,05/18/2023,769,N823AW,CLT,14:37,14:46,9
AA,05/18/2023,2651,N801AW,CLT,06:45,06:38,-7
AA,05/18/2023,2730,N838AW,CLT,11:04,11:10,6
AA,05/18/2024,2311,N680AW,DFW,16:30,16:34,4
AA,05/18/2024,2348,N9004F,CLT,07:06,07:07,1
AA,05/18/2024,2416,N775XF,CLT,19:48,20:14,26
AA,05/19/2023,739,N817AW,DFW,16:28,19:57,209
AA,05/19/2023,750,N824AW,CLT,20:21,21:01,40
AA,05/19/2023,769,N749US,CLT,14:37,14:48,11
AA,05/19/2023,2651,N737US,CLT,06:45,06:48,3
AA,05/19/2023,2730,N774XF,CLT,11:04,11:12,8
AA,05/19/2024,2311,N667AW,DFW,16:30,18:33,123
AA,05/19/2024,2348,N723UW,CLT,07:06,07:47,41
AA,05/19/2024,2416,N771XF,CLT,18:32,19:00,28
AA,05/20/2023,739,N762US,DFW,16:28,16:34,6
AA,05/20/2023,2651,N774XF,CLT,06:45,06:44,-1
AA,05/20/2024,2311,N669AW,DFW,16:30,16:32,2
AA,05/20/2024,2348,N828AW,CLT,07:06,07:16,10
AA,05/20/2024,2416,N753US,CLT,18:32,19:11,39
AA,05/21/2023,739,N751UW,DFW,16:28,16:35,7
AA,05/21/2023,750,N749US,CLT,20:21,20:22,1
AA,05/21/2023,769,N764US,CLT,14:37,14:34,-3
AA,05/21/2023,2651,N673AW,CLT,06:45,06:41,-4
AA,05/21/2023,2730,N839AW,CLT,11:04,11:21,17
AA,05/21/2024,2311,N121UW,DFW,16:30,17:09,39
AA,05/21/2024,2348,N824AW,CLT,07:06,08:24,78
AA,05/21/2024,2416,N704US,CLT,18:32,19:02,30
AA,05/22/2023,739,N806AW,DFW,16:28,16:25,-3
AA,05/22/2023,750,N741UW,CLT,20:21,20:14,-7
AA,05/22/2023,769,N745VJ,CLT,14:37,14:56,19
AA,05/22/2023,2651,N745VJ,CLT,06:45,06:41,-4
AA,05/22/2023,2730,N747UW,CLT,11:04,11:01,-3
AA,05/22/2024,2311,N107US,DFW,16:30,16:42,12
AA,05/22/2024,2348,N755US,CLT,07:06,07:05,-1
AA,05/22/2024,2416,N730US,CLT,18:32,20:35,123
AA,05/23/2023,739,N740UW,DFW,16:28,16:16,-12
AA,05/23/2023,769,N701UW,CLT,14:37,14:35,-2
AA,05/23/2023,2651,N722US,CLT,06:45,06:41,-4
AA,05/23/2023,2730,N824AW,CLT,11:04,11:17,13
AA,05/23/2024,2311,N656AW,DFW,16:28,17:26,58
AA,05/23/2024,2348,N705UW,CLT,07:06,07:02,-4
AA,05/23/2024,2416,N756US,CLT,18:32,19:04,32
AA,05/24/2023,739,N835AW,DFW,16:28,16:32,4
AA,05/24/2023,750,N840AW,CLT,20:21,20:13,-8
AA,05/24/2023,769,N752US,CLT,14:37,14:55,18
AA,05/24/2023,2651,N839AW,CLT,06:45,06:44,-1
AA,05/24/2023,2730,N722US,CLT,11:04,11:06,2
AA,05/24/2024,2311,N650AW,DFW,16:30,16:36,6
AA,05/24/2024,2348,N709UW,CLT,07:06,07:03,-3
AA,05/24/2024,2416,N703UW,CLT,18:32,18:51,19
AA,05/25/2023,739,N823AW,DFW,16:28,16:21,-7
AA,05/25/2023,750,N821AW,CLT,20:21,20:12,-9
AA,05/25/2023,769,N813AW,CLT,14:37,14:35,-2
AA,05/25/2023,2651,N839AW,CLT,06:45,06:42,-3
AA,05/25/2023,2730,N714US,CLT,11:04,11:07,3
AA,05/25/2024,2311,N651AW,DFW,16:30,16:42,12
AA,05/25/2024,2348,N712US,CLT,07:06,07:11,5
AA,05/25/2024,2416,N709UW,CLT,19:48,20:34,46
AA,05/26/2023,739,N833AW,DFW,16:28,16:31,3
AA,05/26/2023,750,N769US,CLT,20:21,20:07,-14
AA,05/26/2023,769,N747UW,CLT,14:37,14:35,-2
AA,05/26/2023,2651,N177XF,CLT,06:45,06:32,-13
AA,05/26/2023,2730,N177XF,CLT,11:04,11:00,-4
AA,05/26/2024,2311,N661AW,DFW,16:30,16:29,-1
AA,05/26/2024,2348,N709UW,CLT,07:06,07:04,-2
AA,05/26/2024,2416,N819AW,CLT,18:32,18:47,15
AA,05/27/2023,739,N742PS,DFW,16:28,16:26,-2
AA,05/27/2023,2651,N723UW,CLT,06:45,06:50,5
AA,05/27/2024,2311,N650AW,DFW,16:30,20:29,239
AA,05/27/2024,2348,N749US,CLT,07:06,07:04,-2
AA,05/27/2024,2416,N721UW,CLT,18:32,18:50,18
AA,05/28/2023,739,N823AW,DFW,16:28,16:48,20
AA,05/28/2023,750,N704US,CLT,20:21,20:16,-5
AA,05/28/2023,769,N724UW,CLT,14:37,14:32,-5
AA,05/28/2023,2651,N710UW,CLT,06:45,06:43,-2
AA,05/28/2023,2730,N708UW,CLT,11:04,11:00,-4
AA,05/28/2024,2311,N680AW,DFW,16:30,20:37,247
AA,05/28/2024,2348,N723UW,CLT,07:06,09:16,130
AA,05/28/2024,2416,N809AW,CLT,18:32,20:08,96
AA,05/29/2023,739,N775XF,DFW,16:28,16:26,-2
AA,05/29/2023,750,N815AW,CLT,20:21,20:48,27
AA,05/29/2023,769,N768US,CLT,14:37,14:35,-2
AA,05/29/2023,2651,N738US,CLT,06:45,06:43,-2
AA,05/29/2023,2730,N752US,CLT,11:04,11:01,-3
AA,05/29/2024,2311,N654AW,DFW,16:30,16:30,0
AA,05/29/2024,2348,N721UW,CLT,07:06,00:00,0
AA,05/29/2024,2416,N835AW,CLT,18:32,18:31,-1
AA,05/30/2023,739,N833AW,DFW,16:28,16:24,-4
AA,05/30/2023,769,N716UW,CLT,14:37,14:47,10
AA,05/30/2023,2651,N723UW,CLT,06:45,06:41,-4
AA,05/30/2023,2730,N9010R,CLT,11:04,11:05,1
AA,05/30/2024,2311,N604AW,DFW,16:30,00:00,0
AA,05/30/2024,2348,N705UW,CLT,07:06,07:01,-5
AA,05/30/2024,2416,N709UW,CLT,18:32,18:41,9
AA,05/31/2023,739,N762US,DFW,16:28,20:12,224
AA,05/31/2023,750,N703UW,CLT,20:21,20:28,7
AA,05/31/2023,769,N804AW,CLT,14:37,14:36,-1
AA,05/31/2023,2651,N703UW,CLT,06:45,06:38,-7
AA,05/31/2023,2730,N724UW,CLT,11:04,13:31,147
AA,05/31/2024,2311,N669AW,DFW,16:30,00:00,0
AA,05/31/2024,2348,N737US,CLT,07:06,07:04,-2
AA,05/31/2024,2416,N804AW,CLT,18:32,18:32,0
AA,06-01-2023,364,N832AW,CLT,14:41,14:38,-3
AA,06-01-2023,884,N117UW,DFW,16:37,16:36,-1
AA,06-01-2023,1402,N9023N,CLT,18:02,18:14,12
AA,06-01-2023,2988,N716UW,CLT,06:50,06:46,-4
AA,06-01-2024,2311,N119US,DFW,16:30,00:00,0
AA,06-01-2024,2348,N825AW,CLT,07:06,07:12,6
AA,06-01-2024,2416,N737US,CLT,19:48,19:51,3
AA,06-02-2023,364,N738US,CLT,14:41,14:41,0
AA,06-02-2023,774,N832AW,CLT,05:20,05:11,-9
AA,06-02-2023,884,N651AW,DFW,16:37,16:37,0
AA,06-02-2023,1402,N723UW,CLT,18:02,07:31,809
AA,06-02-2023,2988,N9023N,CLT,06:50,06:36,-14
AA,06-02-2024,2311,N121UW,DFW,16:30,17:43,73
AA,06-02-2024,2348,N737US,CLT,07:06,07:05,-1
AA,06-02-2024,2416,N824AW,CLT,18:32,18:48,16
AA,06-03-2022,2591,N701UW,CLT,12:57,12:59,2
AA,06-03-2023,364,N118US,CLT,14:41,14:38,-3
AA,06-03-2023,774,N744P,CLT,05:20,05:16,-4
AA,06-03-2023,884,N110UW,DFW,16:35,16:36,1
AA,06-03-2023,2988,N738US,CLT,06:50,09:31,161
AA,06-03-2024,2311,N122US,DFW,16:30,17:54,84
AA,06-03-2024,2348,N723UW,CLT,07:06,07:20,14
AA,06-03-2024,2416,N824AW,CLT,18:32,18:54,22
AA,06-04-2022,764,N768US,CLT,14:22,14:16,-6
AA,06-04-2023,364,N746UW,CLT,14:41,14:40,-1
AA,06-04-2023,774,N746UW,CLT,05:20,05:26,6
AA,06-04-2023,884,N604AW,DFW,16:37,16:36,-1
AA,06-04-2023,1402,N90024,CLT,18:02,18:13,11
AA,06-04-2023,2988,N8027D,CLT,06:50,06:48,-2
AA,06-04-2024,2311,N659AW,DFW,16:30,16:39,9
AA,06-04-2024,2348,N773XF,CLT,07:06,07:05,-1
AA,06-04-2024,2416,N805AW,CLT,18:32,18:53,21
AA,06-05-2022,2591,N732US,CLT,12:57,12:56,-1
AA,06-05-2023,364,N840AW,CLT,14:41,15:05,24
AA,06-05-2023,774,N771XF,CLT,05:20,05:15,-5
AA,06-05-2023,884,N102UW,DFW,16:37,16:34,-3
AA,06-05-2023,1402,N679AW,CLT,18:02,19:32,90
AA,06-05-2023,2988,N12028,CLT,06:50,06:48,-2
AA,06-05-2024,569,N653AW,DFW,16:33,20:32,239
AA,06-05-2024,774,N828AW,CLT,05:15,05:13,-2
AA,06-06-2022,2591,N762US,CLT,12:57,13:02,5
AA,06-06-2023,364,N584UW,CLT,14:39,14:35,-4
AA,06-06-2023,774,N764US,CLT,05:20,05:15,-5
AA,06-06-2023,884,N660AW,DFW,16:37,16:36,-1
AA,06-06-2023,1402,N9026C,CLT,18:02,17:59,-3
AA,06-06-2023,2988,N9011P,CLT,06:50,06:51,1
AA,06-06-2024,569,N665AW,DFW,16:33,16:44,11
AA,06-06-2024,774,N820AW,CLT,05:15,05:45,30
AA,06-07-2022,2591,N825AW,CLT,12:57,12:50,-7
AA,06-07-2023,364,N723UW,CLT,14:39,17:58,199
AA,06-07-2023,774,N723UW,CLT,05:20,09:05,225
AA,06-07-2023,884,N669AW,DFW,16:37,17:03,26
AA,06-07-2023,1402,N737US,CLT,18:02,18:48,46
AA,06-07-2023,2988,N8027D,CLT,06:50,06:57,7
AA,06-07-2024,569,N114UW,DFW,16:33,22:37,364
AA,06-07-2024,774,N830AW,CLT,05:15,05:09,-6
AA,06-08-2022,2591,N722US,CLT,12:57,12:59,2
AA,06-08-2023,364,N702UW,CLT,14:39,14:38,-1
AA,06-08-2023,774,N702UW,CLT,05:20,05:14,-6
AA,06-08-2023,884,N658AW,DFW,16:37,16:32,-5
AA,06-08-2023,1402,N679AW,CLT,18:02,17:59,-3
AA,06-08-2023,2988,N9023N,CLT,06:50,06:43,-7
AA,06-08-2024,569,N151UW,DFW,16:30,16:55,25
AA,06-08-2024,774,N3014R,CLT,05:15,06:51,96
AA,06-09-2022,2591,N712US,CLT,12:57,12:52,-5
AA,06-09-2023,364,N742PS,CLT,14:39,14:33,-6
AA,06-09-2023,774,N770UW,CLT,05:20,05:14,-6
AA,06-09-2023,884,N122US,DFW,16:37,16:37,0
AA,06-09-2023,1402,N111US,CLT,18:02,17:55,-7
AA,06-09-2023,2988,N9008U,CLT,06:50,07:25,35
AA,06-09-2024,569,N655AW,DFW,16:33,16:55,22
AA,06-09-2024,774,N805AW,CLT,05:15,05:13,-2
AA,06-10-2022,2591,N740UW,CLT,12:57,12:47,-10
AA,06-10-2023,364,N652AW,CLT,14:39,14:43,4
AA,06-10-2023,774,N772XF,CLT,05:20,05:12,-8
AA,06-10-2023,884,N653AW,DFW,16:35,18:24,109
AA,06-10-2023,2988,N9011P,CLT,06:50,06:47,-3
AA,06-10-2024,569,N668AW,DFW,16:33,17:59,86
AA,06-10-2024,774,N12028,CLT,05:15,05:11,-4
AA,06-11-2022,764,N802AW,CLT,14:22,14:21,-1
AA,06-11-2023,364,N767UW,CLT,14:39,15:31,52
AA,06-11-2023,774,N823AW,CLT,05:20,05:15,-5
AA,06-11-2023,884,N122US,DFW,16:37,16:42,5
AA,06-11-2023,1402,N649AW,CLT,18:02,18:26,24
AA,06-11-2023,2988,N90024,CLT,06:50,09:39,169
AA,06-11-2024,569,N127UW,DFW,16:33,18:02,89
AA,06-11-2024,774,N716UW,CLT,05:15,05:43,28
AA,06-12-2022,2591,N703UW,CLT,12:57,13:01,4
AA,06-12-2023,364,N813AW,CLT,14:39,15:06,27
AA,06-12-2023,774,N767UW,CLT,05:20,05:17,-3
AA,06-12-2023,884,N122US,DFW,16:37,16:55,18
AA,06-12-2023,1402,N8027D,CLT,18:02,18:17,15
AA,06-12-2023,2988,N12028,CLT,06:50,06:45,-5
AA,06-12-2024,569,N9015D,DFW,16:33,17:49,76
AA,06-12-2024,774,N705UW,CLT,05:15,05:11,-4
AA,06/13/2022,2591,N723UW,CLT,12:57,13:12,15
AA,06/13/2023,364,N660AW,CLT,14:39,14:54,15
AA,06/13/2023,774,N822AW,CLT,05:20,05:25,5
AA,06/13/2023,884,N604AW,DFW,16:37,18:45,128
AA,06/13/2023,1402,N704US,CLT,18:02,17:53,-9
AA,06/13/2023,2988,N9029F,CLT,06:50,08:03,73
AA,06/13/2024,569,N673AW,DFW,16:33,17:05,32
AA,06/13/2024,774,N9012,CLT,05:15,05:08,-7
AA,06/14/2022,2591,N755US,CLT,12:57,12:59,2
AA,06/14/2023,364,N773XF,CLT,14:39,14:34,-5
AA,06/14/2023,774,N773XF,CLT,05:20,05:10,-10
AA,06/14/2023,884,N664AW,DFW,16:37,17:18,41
AA,06/14/2023,1402,N812AW,CLT,18:02,18:37,35
AA,06/14/2023,2988,N9026C,CLT,06:50,06:54,4
AA,06/14/2024,569,N604AW,DFW,16:33,16:56,23
AA,06/14/2024,774,N755US,CLT,05:15,05:11,-4
AA,06/15/2022,2591,N802AW,CLT,12:57,12:57,0
AA,06/15/2023,364,N808AW,CLT,14:39,14:43,4
AA,06/15/2023,774,N773XF,CLT,05:20,05:17,-3
AA,06/15/2023,884,N647AW,DFW,16:37,16:55,18
AA,06/15/2023,1402,N119US,CLT,18:02,18:38,36
AA,06/15/2023,2988,N9021H,CLT,06:50,06:55,5
AA,06/15/2024,569,N537UW,DFW,16:30,16:34,4
AA,06/15/2024,774,N771XF,CLT,05:15,05:12,-3
AA,06/16/2022,2591,N715UW,CLT,12:57,12:52,-5
AA,06/16/2023,364,N773XF,CLT,14:39,15:31,52
AA,06/16/2023,774,N112US,CLT,05:20,14:59,579
AA,06/16/2023,884,N128UW,DFW,16:37,19:50,193
AA,06/16/2023,1402,N114UW,CLT,18:02,17:59,-3
AA,06/16/2023,2988,N9012,CLT,06:50,06:47,-3
AA,06/16/2024,569,N119US,DFW,16:33,00:31,478
AA,06/16/2024,774,N723UW,CLT,05:15,05:25,10
AA,06/17/2022,2591,N716UW,CLT,12:57,12:51,-6
AA,06/17/2023,364,N109UW,CLT,14:39,14:47,8
AA,06/17/2023,774,N737US,CLT,05:20,05:15,-5
AA,06/17/2023,884,N680AW,DFW,16:35,16:50,15
AA,06/17/2023,2988,N9026C,CLT,06:50,06:47,-3
AA,06/17/2024,569,N673AW,DFW,16:33,16:42,9
AA,06/17/2024,774,N716UW,CLT,05:15,05:13,-2
AA,06/18/2022,764,N764US,CLT,14:22,14:18,-4
AA,06/18/2023,364,N773XF,CLT,14:39,14:36,-3
AA,06/18/2023,774,N711UW,CLT,05:20,05:22,2
AA,06/18/2023,884,N128UW,DFW,16:37,16:36,-1
AA,06/18/2023,1402,N114UW,CLT,18:02,18:17,15
AA,06/18/2023,2988,N9023N,CLT,06:50,06:42,-8
AA,06/18/2024,569,N127UW,DFW,16:33,16:28,-5
AA,06/18/2024,774,N823AW,CLT,05:15,05:26,11
AA,06/19/2022,2591,N802AW,CLT,12:57,13:06,9
AA,06/19/2023,364,N724UW,CLT,14:39,00:00,0
AA,06/19/2023,774,N742PS,CLT,05:20,05:12,-8
AA,06/19/2023,884,N604AW,DFW,16:37,16:32,-5
AA,06/19/2023,1402,N9008U,CLT,18:02,19:21,79
AA,06/19/2023,2988,N9008U,CLT,06:50,06:46,-4
AA,06/19/2024,569,N102UW,DFW,16:33,16:33,0
AA,06/19/2024,774,N704US,CLT,05:15,05:07,-8
AA,06/20/2022,2591,N711UW,CLT,12:57,13:01,4
AA,06/20/2023,364,N818AW,CLT,13:54,13:56,2
AA,06/20/2023,774,N771XF,CLT,05:20,06:27,67
AA,06/20/2023,884,N655AW,DFW,16:37,16:38,1
AA,06/20/2023,1402,N818AW,CLT,18:02,17:59,-3
AA,06/20/2023,2988,N9012,CLT,06:50,07:05,15
AA,06/20/2024,569,N668AW,DFW,16:33,17:40,67
AA,06/20/2024,774,N724UW,CLT,05:15,05:13,-2
AA,06/21/2022,2591,N755US,CLT,12:57,13:14,17
AA,06/21/2023,364,N818AW,CLT,13:54,14:22,28
AA,06/21/2023,774,N724UW,CLT,05:20,05:28,8
AA,06/21/2023,884,N9029F,DFW,16:37,20:18,221
AA,06/21/2023,1402,N9015D,CLT,18:02,18:15,13
AA,06/21/2023,2988,N9021H,CLT,06:50,06:50,0
AA,06/21/2024,569,N665AW,DFW,16:33,16:47,14
AA,06/21/2024,774,N4032T,CLT,05:15,05:14,-1
AA,06/22/2022,2591,N9017P,CLT,12:57,14:07,70
AA,06/22/2023,364,N818AW,CLT,14:39,14:42,3
AA,06/22/2023,774,N714US,CLT,05:20,05:16,-4
AA,06/22/2023,884,N665AW,DFW,16:37,17:52,75
AA,06/22/2023,1402,N103US,CLT,18:02,18:46,44
AA,06/22/2023,2988,N4005X,CLT,06:50,06:46,-4
AA,06/22/2024,569,N970UY,DFW,16:30,16:57,27
AA,06/22/2024,774,N8031M,CLT,05:15,05:09,-6
AA,06/23/2022,2591,N753US,CLT,12:57,12:55,-2
AA,06/23/2023,364,N713UW,CLT,14:39,14:52,13
AA,06/23/2023,774,N828AW,CLT,05:20,05:23,3
AA,06/23/2023,884,N655AW,DFW,16:37,17:36,59
AA,06/23/2023,1402,N124US,CLT,18:02,18:43,41
AA,06/23/2023,2988,N9026C,CLT,06:50,06:45,-5
AA,06/23/2024,569,N680AW,DFW,16:33,16:55,22
AA,06/23/2024,774,N809AW,CLT,05:15,05:14,-1
AA,06/24/2022,2591,N771XF,CLT,12:57,13:11,14
AA,06/24/2023,364,N128UW,CLT,14:39,14:53,14
AA,06/24/2023,774,N768US,CLT,05:20,06:04,44
AA,06/24/2023,884,N664AW,DFW,16:35,16:57,22
AA,06/24/2023,2988,N9021H,CLT,06:50,06:42,-8
AA,06/24/2024,569,N654AW,DFW,16:33,18:35,122
AA,06/24/2024,774,N831AW,CLT,05:15,05:17,2
AA,06/25/2022,764,N771XF,CLT,14:22,14:19,-3
AA,06/25/2023,364,N126UW,CLT,14:39,15:00,21
AA,06/25/2023,774,N714US,CLT,05:20,08:39,199
AA,06/25/2023,884,N110UW,DFW,16:37,17:16,39
AA,06/25/2023,1402,N103US,CLT,18:02,19:14,72
AA,06/25/2023,2988,N12028,CLT,06:50,06:59,9
AA,06/25/2024,569,N680AW,DFW,16:33,17:23,50
AA,06/25/2024,774,N732US,CLT,05:15,05:07,-8
AA,06/26/2022,2591,N702UW,CLT,12:57,13:12,15
AA,06/26/2023,364,N818AW,CLT,14:39,14:40,1
AA,06/26/2023,774,N770UW,CLT,05:20,06:33,73
AA,06/26/2023,884,N660AW,DFW,16:37,16:46,9
AA,06/26/2023,1402,N9011P,CLT,18:02,18:09,7
AA,06/26/2023,2988,N8030F,CLT,06:50,08:45,115
AA,06/26/2024,569,N110UW,DFW,16:33,20:58,265
AA,06/26/2024,774,N703UW,CLT,05:15,05:07,-8
AA,06/27/2022,2591,N722US,CLT,12:57,12:54,-3
AA,06/27/2023,364,N818AW,CLT,13:54,13:58,4
AA,06/27/2023,774,N732US,CLT,05:20,05:16,-4
AA,06/27/2023,884,N659AW,DFW,16:37,18:32,115
AA,06/27/2023,1402,N818AW,CLT,18:02,19:00,58
AA,06/27/2023,2988,N9013A,CLT,06:50,06:44,-6
AA,06/27/2024,569,N112US,DFW,16:33,16:31,-2
AA,06/27/2024,774,N766US,CLT,05:15,07:54,159
AA,06/28/2022,2591,N769US,CLT,12:57,12:54,-3
AA,06/28/2023,364,N744P,CLT,13:54,13:53,-1
AA,06/28/2023,774,N713UW,CLT,05:20,05:11,-9
AA,06/28/2023,884,N659AW,DFW,16:37,16:43,6
AA,06/28/2023,1402,N766US,CLT,18:02,18:01,-1
AA,06/28/2023,2988,N9011P,CLT,06:50,06:39,-11
AA,06/28/2024,569,N649AW,DFW,16:33,16:30,-3
AA,06/28/2024,774,N713UW,CLT,05:15,05:06,-9
AA,06/29/2022,2591,N760US,CLT,12:57,12:52,-5
AA,06/29/2023,364,N732US,CLT,14:39,14:54,15
AA,06/29/2023,774,N744P,CLT,05:20,05:13,-7
AA,06/29/2023,884,N658AW,DFW,16:37,17:24,47
AA,06/29/2023,1402,N9016,CLT,18:02,18:25,23
AA,06/29/2023,2988,N9025B,CLT,06:50,06:39,-11
AA,06/29/2024,569,N458AL,DFW,16:30,16:59,29
AA,06/29/2024,774,N9026C,CLT,05:15,05:03,-12
AA,06/30/2022,2591,N747UW,CLT,12:57,13:02,5
AA,06/30/2023,364,N708UW,CLT,14:39,14:37,-2
AA,06/30/2023,774,N740UW,CLT,05:20,05:14,-6
AA,06/30/2023,884,N125UW,DFW,16:37,16:44,7
AA,06/30/2023,1402,N655AW,CLT,18:02,19:59,117
AA,06/30/2023,2988,N9029F,CLT,06:50,06:40,-10
AA,06/30/2024,569,N662AW,DFW,16:33,16:49,16
AA,06/30/2024,774,N776XF,CLT,05:15,05:12,-3
AA,07-01-2022,2591,N177XF,CLT,12:55,12:55,0
AA,07-01-2023,364,N601AW,CLT,14:39,14:47,8
AA,07-01-2023,774,N708UW,CLT,05:20,07:23,123
AA,07-01-2023,884,N9019F,DFW,16:35,18:01,86
AA,07-01-2023,2988,N8030F,CLT,06:50,07:07,17
AA,07-01-2024,569,N658AW,DFW,16:33,16:39,6
AA,07-01-2024,774,N730US,CLT,05:15,00:00,0
AA,07-02-2022,764,N839AW,CLT,14:30,14:27,-3
AA,07-02-2023,364,N128UW,CLT,14:39,16:09,90
AA,07-02-2023,774,N744P,CLT,05:20,05:13,-7
AA,07-02-2023,884,N104UW,DFW,16:37,17:12,35
AA,07-02-2023,1402,N663AW,CLT,18:02,17:55,-7
AA,07-02-2023,2988,N9011P,CLT,06:50,06:43,-7
AA,07-02-2024,569,N654AW,DFW,16:33,16:55,22
AA,07-02-2024,774,N742PS,CLT,05:15,05:12,-3
AA,07-03-2022,2591,N765US,CLT,12:55,12:49,-6
AA,07-03-2023,364,N765US,CLT,14:39,14:34,-5
AA,07-03-2023,884,N123UW,DFW,16:37,16:32,-5
AA,07-03-2023,1402,N8009T,CLT,18:02,18:13,11
AA,07-03-2023,2988,N8001N,CLT,06:50,06:46,-4
AA,07-03-2024,569,N657AW,DFW,16:33,17:18,45
AA,07-03-2024,774,N747UW,CLT,05:15,05:04,-11
AA,07-04-2022,2591,N733UW,CLT,12:55,12:57,2
AA,07-04-2023,364,N705UW,CLT,14:39,14:35,-4
AA,07-04-2023,884,N125UW,DFW,16:37,17:03,26
AA,07-04-2023,1402,N773XF,CLT,18:32,19:09,37
AA,07-04-2023,2272,N4032T,CLT,11:12,11:12,0
AA,07-04-2024,774,N755US,CLT,05:15,05:06,-9
AA,07-05-2022,764,N828AW,CLT,14:30,15:05,35
AA,07-05-2023,364,N709UW,CLT,14:41,14:41,0
AA,07-05-2023,774,N705UW,CLT,05:00,04:57,-3
AA,07-05-2023,884,N679AW,DFW,16:35,16:37,2
AA,07-05-2023,1402,N8009T,CLT,18:00,22:11,251
AA,07-05-2023,2988,N9025B,CLT,06:00,05:55,-5
AA,07-05-2024,569,N109UW,DFW,16:37,16:43,6
AA,07-05-2024,1227,N662AW,DFW,07:30,07:28,-2
AA,07-06-2022,764,N828AW,CLT,14:30,15:31,61
AA,07-06-2023,364,N705UW,CLT,14:41,14:35,-6
AA,07-06-2023,774,N103US,CLT,05:20,05:20,0
AA,07-06-2023,884,N649AW,DFW,16:35,16:42,7
AA,07-06-2023,1402,N9023N,CLT,18:00,18:25,25
AA,07-06-2023,2138,N9029F,DFW,07:55,07:59,4
AA,07-06-2023,2988,N9004F,CLT,06:50,10:00,190
AA,07-06-2024,569,N575UW,DFW,16:35,16:49,14
AA,07-06-2024,774,N756US,CLT,05:20,06:57,97
AA,07-07-2022,2591,N713UW,CLT,12:55,12:51,-4
AA,07-07-2023,364,N836AW,CLT,14:41,14:43,2
AA,07-07-2023,774,N9013A,CLT,05:20,05:14,-6
AA,07-07-2023,884,N664AW,DFW,16:35,19:27,172
AA,07-07-2023,1402,N9011P,CLT,18:00,18:03,3
AA,07-07-2023,2138,N8027D,DFW,07:55,07:51,-4
AA,07-07-2023,2988,N9023N,CLT,06:50,06:53,3
AA,07-07-2024,569,N103US,DFW,16:37,17:02,25
AA,07-07-2024,774,N709UW,CLT,05:20,05:30,10
AA,07-07-2024,2199,N747UW,CLT,22:20,22:46,26
AA,07-08-2022,2591,N723UW,CLT,12:55,13:05,10
AA,07-08-2023,364,N128UW,CLT,14:34,14:46,12
AA,07-08-2023,774,N8030F,CLT,05:10,05:04,-6
AA,07-08-2023,884,N747UW,DFW,16:32,16:36,4
AA,07-08-2023,2138,N833AW,DFW,07:50,07:49,-1
AA,07-08-2023,2988,N9011P,CLT,06:50,06:42,-8
AA,07-08-2024,569,N653AW,DFW,16:37,16:50,13
AA,07-08-2024,774,N708UW,CLT,05:20,05:16,-4
AA,07-09-2022,764,N808AW,CLT,14:30,15:11,41
AA,07-09-2023,364,N705UW,CLT,14:41,14:48,7
AA,07-09-2023,774,N93003,CLT,05:20,05:14,-6
AA,07-09-2023,884,N710UW,DFW,16:32,19:10,158
AA,07-09-2023,1402,N9015D,CLT,18:00,18:06,6
AA,07-09-2023,2138,N9011P,DFW,07:55,07:57,2
AA,07-09-2023,2988,N4005X,CLT,06:50,06:50,0
AA,07-09-2024,569,N510UW,DFW,16:37,11:27,1130
AA,07-09-2024,774,N723UW,CLT,05:20,05:20,0
AA,07-10-2022,2591,N753US,CLT,12:55,13:32,37
AA,07-10-2023,364,N770UW,CLT,14:41,14:42,1
AA,07-10-2023,774,N9026C,CLT,05:20,05:21,1
AA,07-10-2023,884,N125UW,DFW,16:35,16:41,6
AA,07-10-2023,1402,N5007E,CLT,18:00,18:02,2
AA,07-10-2023,2138,N9015D,DFW,07:55,07:55,0
AA,07-10-2023,2988,N4005X,CLT,06:50,06:49,-1
AA,07-10-2024,569,N647AW,DFW,16:37,18:25,108
AA,07-10-2024,774,N177XF,CLT,05:20,05:12,-8
AA,07-11-2022,2591,N741UW,CLT,12:55,13:29,34
AA,07-11-2023,364,N105UW,CLT,14:41,14:49,8
AA,07-11-2023,774,N4005X,CLT,05:20,05:14,-6
AA,07-11-2023,884,N806AW,DFW,16:32,16:41,9
AA,07-11-2023,1402,N775XF,CLT,18:00,17:52,-8
AA,07-11-2023,2138,N125UW,DFW,07:50,08:06,16
AA,07-11-2023,2988,N5007E,CLT,06:50,06:48,-2
AA,07-11-2024,569,N601AW,DFW,16:37,16:33,-4
AA,07-11-2024,774,N810AW,CLT,05:20,05:14,-6
AA,07-12-2022,764,N732US,CLT,14:30,14:23,-7
AA,07-12-2023,364,N813AW,CLT,14:41,14:44,3
AA,07-12-2023,774,N105UW,CLT,05:20,05:10,-10
AA,07-12-2023,884,N657AW,DFW,16:35,16:38,3
AA,07-12-2023,1402,N9008U,CLT,18:00,17:51,-9
AA,07-12-2023,2138,N9012,DFW,07:55,07:53,-2
AA,07-12-2023,2988,N9011P,CLT,06:50,06:44,-6
AA,07-12-2024,569,N661AW,DFW,16:37,16:42,5
AA,07-12-2024,774,N840AW,CLT,05:20,05:14,-6
AA,07/13/2022,764,N755US,CLT,14:30,14:25,-5
AA,07/13/2023,364,N705UW,CLT,14:41,20:14,333
AA,07/13/2023,774,N4032T,CLT,05:20,05:16,-4
AA,07/13/2023,884,N663AW,DFW,16:35,17:27,52
AA,07/13/2023,1402,N9010R,CLT,18:00,18:21,21
AA,07/13/2023,2138,N9011P,DFW,07:55,08:05,10
AA,07/13/2023,2988,N8030F,CLT,06:50,08:43,113
AA,07/13/2024,569,N576UW,DFW,16:35,16:36,1
AA,07/13/2024,774,N723UW,CLT,05:20,06:06,46
AA,07/14/2022,2591,N704US,CLT,12:55,12:52,-3
AA,07/14/2023,364,N9022G,CLT,14:41,14:35,-6
AA,07/14/2023,774,N9016,CLT,05:20,05:19,-1
AA,07/14/2023,884,N103US,DFW,16:35,16:41,6
AA,07/14/2023,1402,N767UW,CLT,18:00,18:25,25
AA,07/14/2023,2138,N9021H,DFW,07:55,07:54,-1
AA,07/14/2023,2988,N9022G,CLT,06:50,06:53,3
AA,07/14/2024,569,N111US,DFW,16:37,18:15,98
AA,07/14/2024,774,N840AW,CLT,05:20,09:24,244
AA,07/15/2022,2591,N704US,CLT,12:55,12:52,-3
AA,07/15/2023,364,N124US,CLT,14:34,14:52,18
AA,07/15/2023,774,N9022G,CLT,05:10,05:17,7
AA,07/15/2023,884,N771XF,DFW,16:32,16:32,0
AA,07/15/2023,2138,N704US,DFW,07:50,07:50,0
AA,07/15/2023,2988,N9016,CLT,06:50,06:48,-2
AA,07/15/2024,569,N663AW,DFW,16:37,17:20,43
AA,07/15/2024,774,N713UW,CLT,05:20,05:16,-4
AA,07/16/2022,764,N766US,CLT,14:30,00:00,0
AA,07/16/2023,364,N830AW,CLT,14:41,14:46,5
AA,07/16/2023,774,N9010R,CLT,05:20,05:16,-4
AA,07/16/2023,884,N177XF,DFW,16:32,19:30,178
AA,07/16/2023,1402,N9022G,CLT,18:00,18:19,19
AA,07/16/2023,2138,N763US,DFW,07:55,08:05,10
AA,07/16/2023,2988,N70020,CLT,06:50,07:07,17
AA,07/16/2024,569,N649AW,DFW,16:37,16:42,5
AA,07/16/2024,774,N724UW,CLT,05:20,05:32,12
AA,07/17/2022,2591,N752US,CLT,12:55,14:02,67
AA,07/17/2023,364,N753US,CLT,14:41,14:53,12
AA,07/17/2023,774,N9023N,CLT,05:20,07:07,107
AA,07/17/2023,884,N122US,DFW,16:35,16:53,18
AA,07/17/2023,1402,N710UW,CLT,18:00,18:43,43
AA,07/17/2023,2138,N9022G,DFW,07:55,08:16,21
AA,07/17/2023,2988,N9016,CLT,06:50,07:12,22
AA,07/17/2024,569,N657AW,DFW,16:37,16:54,17
AA,07/17/2024,774,N764US,CLT,05:20,05:17,-3
AA,07/18/2022,2591,N716UW,CLT,12:55,13:20,25
AA,07/18/2023,364,N126UW,CLT,14:41,15:00,19
AA,07/18/2023,774,N5007E,CLT,05:20,05:14,-6
AA,07/18/2023,884,N3014R,DFW,16:32,16:31,-1
AA,07/18/2023,1402,N840AW,CLT,18:00,18:24,24
AA,07/18/2023,2138,N839AW,DFW,07:50,07:49,-1
AA,07/18/2023,2988,N9021H,CLT,06:50,06:55,5
AA,07/18/2024,569,N117UW,DFW,16:37,00:00,0
AA,07/18/2024,774,N750UW,CLT,05:20,05:16,-4
AA,07/19/2022,764,N9015D,CLT,14:30,14:25,-5
AA,07/19/2023,364,N710UW,CLT,14:41,14:36,-5
AA,07/19/2023,774,N9002U,CLT,05:20,05:21,1
AA,07/19/2023,884,N9015D,DFW,16:35,09:53,1038
AA,07/19/2023,1402,N9002U,CLT,18:00,17:49,-11
AA,07/19/2023,2138,N9023N,DFW,07:55,07:53,-2
AA,07/19/2023,2988,N9022G,CLT,06:50,06:46,-4
AA,07/19/2024,569,N110UW,DFW,16:37,19:29,172
AA,07/19/2024,774,N807AW,CLT,05:20,00:00,0
AA,07/20/2022,764,N751UW,CLT,14:30,14:24,-6
AA,07/20/2023,364,N732US,CLT,14:41,14:49,8
AA,07/20/2023,774,N9010R,CLT,05:20,05:16,-4
AA,07/20/2023,884,N117UW,DFW,16:35,16:58,23
AA,07/20/2023,1402,N9002U,CLT,18:00,18:03,3
AA,07/20/2023,2138,N8009T,DFW,07:55,08:01,6
AA,07/20/2023,2988,N70020,CLT,06:50,06:45,-5
AA,07/20/2024,569,N519UW,DFW,16:35,17:13,38
AA,07/20/2024,774,N748UW,CLT,05:20,05:50,30
AA,07/21/2022,2591,N744P,CLT,12:55,12:53,-2
AA,07/21/2023,364,N9022G,CLT,14:41,22:14,453
AA,07/21/2023,774,N9004F,CLT,05:20,05:15,-5
AA,07/21/2023,884,N128UW,DFW,16:35,19:24,169
AA,07/21/2023,1402,N126UW,CLT,18:00,21:35,215
AA,07/21/2023,2138,N9002U,DFW,07:55,07:57,2
AA,07/21/2023,2988,N9015D,CLT,06:50,09:30,160
AA,07/21/2024,569,N668AW,DFW,16:37,21:40,303
AA,07/21/2024,774,N817AW,CLT,05:20,05:19,-1
AA,07/22/2022,2591,N705UW,CLT,12:55,12:49,-6
AA,07/22/2023,364,N651AW,CLT,14:34,15:24,50
AA,07/22/2023,774,N9016,CLT,05:10,00:00,0
AA,07/22/2023,884,N809AW,DFW,16:32,16:41,9
AA,07/22/2023,2138,N815AW,DFW,07:50,07:51,1
AA,07/22/2023,2988,N4032T,CLT,06:50,08:58,128
AA,07/22/2024,569,N122US,DFW,16:37,17:17,40
AA,07/22/2024,774,N773XF,CLT,05:20,05:43,23
AA,07/23/2022,764,N807AW,CLT,14:30,14:25,-5
AA,07/23/2023,364,N751UW,CLT,14:41,14:39,-2
AA,07/23/2023,774,N9006,CLT,05:20,05:27,7
AA,07/23/2023,884,N704US,DFW,16:32,19:55,203
AA,07/23/2023,1402,N9021H,CLT,18:00,20:35,155
AA,07/23/2023,2138,N9004F,DFW,07:55,07:58,3
AA,07/23/2023,2988,N9019F,CLT,06:50,07:03,13
AA,07/23/2024,569,N663AW,DFW,16:37,19:23,166
AA,07/23/2024,774,N816AW,CLT,05:20,05:15,-5
AA,07/24/2022,2591,N722US,CLT,12:55,13:01,6
AA,07/24/2023,364,N814AW,CLT,14:41,14:38,-3
AA,07/24/2023,774,N9022G,CLT,05:20,06:43,83
AA,07/24/2023,884,N660AW,DFW,16:35,16:41,6
AA,07/24/2023,1402,N9023N,CLT,18:00,18:05,5
AA,07/24/2023,2138,N5007E,DFW,07:55,08:26,31
AA,07/24/2023,2988,N9006,CLT,06:50,00:00,0
AA,07/24/2024,569,N647AW,DFW,16:37,17:21,44
AA,07/24/2024,774,N825AW,CLT,05:20,06:01,41
AA,07/25/2022,2591,N703UW,CLT,12:55,13:14,19
AA,07/25/2023,364,N105UW,CLT,14:41,14:37,-4
AA,07/25/2023,774,N9012,CLT,05:20,05:18,-2
AA,07/25/2023,884,N825AW,DFW,16:32,16:37,5
AA,07/25/2023,1402,N774XF,CLT,18:00,17:57,-3
AA,07/25/2023,2138,N828AW,DFW,07:50,08:00,10
AA,07/25/2023,2988,N9023N,CLT,06:50,06:48,-2
AA,07/25/2024,569,N659AW,DFW,16:37,16:41,4
AA,07/25/2024,774,N819AW,CLT,05:20,05:20,0
AA,07/26/2022,764,N737US,CLT,14:30,14:29,-1
AA,07/26/2023,364,N650AW,CLT,14:41,15:21,40
AA,07/26/2023,774,N669AW,CLT,05:20,05:12,-8
AA,07/26/2023,884,N679AW,DFW,16:35,17:07,32
AA,07/26/2023,1402,N9018E,CLT,18:00,17:56,-4
AA,07/26/2023,2138,N9017P,DFW,07:55,07:56,1
AA,07/26/2023,2988,N4005X,CLT,06:50,06:46,-4
AA,07/26/2024,569,N653AW,DFW,16:37,18:41,124
AA,07/26/2024,774,N818AW,CLT,05:20,05:19,-1
AA,07/27/2022,764,N713UW,CLT,14:30,14:24,-6
AA,07/27/2023,364,N818AW,CLT,14:41,14:45,4
AA,07/27/2023,774,N9016,CLT,05:20,05:12,-8
AA,07/27/2023,884,N127UW,DFW,16:35,16:37,2
AA,07/27/2023,1402,N4005X,CLT,18:00,18:00,0
AA,07/27/2023,2138,N9004F,DFW,07:55,07:54,-1
AA,07/27/2023,2988,N8030F,CLT,06:50,06:48,-2
AA,07/27/2024,569,N934AA,DFW,16:35,16:59,24
AA,07/27/2024,774,N813AW,CLT,05:20,05:49,29
AA,07/28/2022,2591,N177XF,CLT,12:55,13:24,29
AA,07/28/2023,364,N764US,CLT,14:41,16:05,84
AA,07/28/2023,774,N90024,CLT,05:20,05:13,-7
AA,07/28/2023,884,N125UW,DFW,16:35,16:31,-4
AA,07/28/2023,1402,N3014R,CLT,18:00,18:36,36
AA,07/28/2023,2138,N4005X,DFW,07:55,08:06,11
AA,07/28/2023,2988,N9017P,CLT,06:50,06:48,-2
AA,07/28/2024,569,N604AW,DFW,16:37,17:35,58
AA,07/28/2024,774,N741UW,CLT,05:20,05:19,-1
AA,07/29/2022,2591,N716UW,CLT,12:55,12:53,-2
AA,07/29/2023,364,N127UW,CLT,14:34,14:31,-3
AA,07/29/2023,774,N700UW,CLT,05:10,12:42,452
AA,07/29/2023,884,N770UW,DFW,16:32,17:30,58
AA,07/29/2023,2138,N774XF,DFW,07:50,07:47,-3
AA,07/29/2023,2988,N3014R,CLT,06:50,06:44,-6
AA,07/29/2024,569,N654AW,DFW,16:37,16:47,10
AA,07/29/2024,774,N751UW,CLT,05:20,00:00,0
AA,07/30/2022,764,N722US,CLT,14:30,14:22,-8
AA,07/30/2023,364,N700UW,CLT,14:41,14:35,-6
AA,07/30/2023,774,N9025B,CLT,05:20,08:05,165
AA,07/30/2023,884,N774XF,DFW,16:32,19:51,199
AA,07/30/2023,1402,N9008U,CLT,18:00,18:41,41
AA,07/30/2023,2138,N9016,DFW,07:55,08:10,15
AA,07/30/2023,2988,N12028,CLT,06:50,00:00,0
AA,07/30/2024,569,N667AW,DFW,16:37,17:43,66
AA,07/30/2024,774,N764US,CLT,05:20,05:11,-9
AA,07/31/2022,2591,N9021H,CLT,12:55,13:20,25
AA,07/31/2023,364,N745VJ,CLT,14:41,14:39,-2
AA,07/31/2023,774,N9002U,CLT,05:20,06:40,80
AA,07/31/2023,884,N111US,DFW,16:35,16:48,13
AA,07/31/2023,1402,N70020,CLT,18:00,17:56,-4
AA,07/31/2023,2138,N9008U,DFW,07:55,09:11,76
AA,07/31/2023,2988,N9012,CLT,06:50,07:35,45
AA,07/31/2024,569,N110UW,DFW,16:37,16:45,8
AA,07/31/2024,774,N778XF,CLT,05:20,00:00,0
AA,08-01-2022,2591,N738US,CLT,12:55,12:55,0
AA,08-01-2023,364,N650AW,CLT,14:41,14:37,-4
AA,08-01-2023,774,N9017P,CLT,05:20,05:16,-4
AA,08-01-2023,884,N826AW,DFW,16:32,16:32,0
AA,08-01-2023,1402,N745VJ,CLT,18:00,17:55,-5
AA,08-01-2023,2138,N837AW,DFW,07:50,07:49,-1
AA,08-01-2023,2988,N70020,CLT,06:50,06:49,-1
AA,08-01-2024,569,N650AW,DFW,16:37,17:02,25
AA,08-01-2024,774,N764US,CLT,05:20,05:39,19
AA,08-02-2022,764,N816AW,CLT,14:30,14:27,-3
AA,08-02-2023,364,N835AW,CLT,14:41,14:38,-3
AA,08-02-2023,774,N832AW,CLT,05:20,05:23,3
AA,08-02-2023,884,N128UW,DFW,16:35,16:37,2
AA,08-02-2023,1402,N8027D,CLT,18:00,17:56,-4
AA,08-02-2023,2138,N4005X,DFW,07:55,07:52,-3
AA,08-02-2023,2988,N9002U,CLT,06:50,06:45,-5
AA,08-02-2024,569,N668AW,DFW,16:37,16:47,10
AA,08-02-2024,774,N177XF,CLT,05:20,05:19,-1
AA,08-03-2022,764,N738US,CLT,14:30,14:28,-2
AA,08-03-2023,364,N123UW,CLT,14:41,15:00,19
AA,08-03-2023,774,N831AW,CLT,05:20,05:08,-12
AA,08-03-2023,884,N104UW,DFW,16:35,16:36,1
AA,08-03-2023,1402,N9008U,CLT,18:00,18:16,16
AA,08-03-2023,2138,N9006,DFW,07:55,07:53,-2
AA,08-03-2023,2988,N9018E,CLT,06:50,06:43,-7
AA,08-03-2024,569,N988AL,DFW,16:35,18:19,104
AA,08-03-2024,774,N748UW,CLT,05:20,05:18,-2
AA,08-04-2022,2591,N809AW,CLT,12:55,12:53,-2
AA,08-04-2023,364,N752US,CLT,14:24,14:25,1
AA,08-04-2023,774,N9008U,CLT,05:20,05:14,-6
AA,08-04-2023,884,N123UW,DFW,16:36,16:45,9
AA,08-04-2023,1402,N9025B,CLT,17:57,19:07,70
AA,08-04-2023,1597,N128UW,DFW,07:55,08:18,23
AA,08-04-2023,2988,N9013A,CLT,06:50,06:46,-4
AA,08-04-2024,569,N924US,DFW,16:37,00:00,0
AA,08-04-2024,774,N767UW,CLT,05:20,00:00,0
AA,08-05-2022,2591,N741UW,CLT,12:55,12:50,-5
AA,08-05-2023,364,N114UW,CLT,14:39,14:41,2
AA,08-05-2023,774,N741UW,CLT,05:10,05:05,-5
AA,08-05-2023,884,N721UW,DFW,16:35,16:40,5
AA,08-05-2023,1597,N9004F,DFW,07:55,07:47,-8
AA,08-05-2023,2988,N9018E,CLT,06:50,06:50,0
AA,08-05-2024,569,N601AW,DFW,16:37,17:36,59
AA,08-05-2024,774,N749US,CLT,05:20,00:00,0
AA,08-06-2022,764,N711UW,CLT,14:30,14:33,3
AA,08-06-2023,364,N704US,CLT,14:24,17:50,206
AA,08-06-2023,774,N70020,CLT,05:20,05:20,0
AA,08-06-2023,884,N653AW,DFW,16:36,18:16,100
AA,08-06-2023,1402,N9025B,CLT,17:57,20:54,177
AA,08-06-2023,2988,N9008U,CLT,06:50,06:50,0
AA,08-06-2024,569,N103US,DFW,16:34,11:31,1137
AA,08-06-2024,774,N770UW,CLT,05:18,05:23,5
AA,08-06-2024,1001,N767UW,CLT,19:43,19:38,-5
AA,08-07-2022,2591,N714US,CLT,12:35,12:44,9
AA,08-07-2023,364,N9018E,CLT,14:24,14:25,1
AA,08-07-2023,774,N9012,CLT,05:20,05:22,2
AA,08-07-2023,884,N656AW,DFW,16:36,18:28,112
AA,08-07-2023,1402,N9018E,CLT,17:57,19:49,112
AA,08-07-2023,1597,N9025B,DFW,07:55,07:59,4
AA,08-07-2023,2988,N70020,CLT,06:50,07:59,69
AA,08-07-2024,569,N117UW,DFW,16:34,16:34,0
AA,08-07-2024,1001,N711UW,CLT,19:43,19:39,-4
AA,08-08-2022,2591,N825AW,CLT,12:55,00:00,0
AA,08-08-2023,364,N818AW,CLT,14:24,14:56,32
AA,08-08-2023,774,N832AW,CLT,05:20,05:24,4
AA,08-08-2023,884,N9026C,DFW,16:36,20:21,225
AA,08-08-2023,1402,N9008U,CLT,17:57,18:22,25
AA,08-08-2023,1597,N90024,DFW,07:55,07:51,-4
AA,08-08-2023,2988,N9018E,CLT,06:50,06:55,5
AA,08-08-2024,569,N667AW,DFW,16:34,00:00,0
AA,08-08-2024,1001,N123UW,CLT,19:43,21:04,81
AA,08-09-2022,2591,N768US,CLT,12:55,12:52,-3
AA,08-09-2023,364,N9006,CLT,14:24,15:36,72
AA,08-09-2023,774,N9006,CLT,05:20,05:12,-8
AA,08-09-2023,884,N109UW,DFW,16:36,17:16,40
AA,08-09-2023,1402,N823AW,CLT,17:57,18:02,5
AA,08-09-2023,1597,N8031M,DFW,07:55,07:53,-2
AA,08-09-2023,2988,N9010R,CLT,06:50,07:00,10
AA,08-09-2024,569,N656AW,DFW,16:34,17:48,74
AA,08-09-2024,1001,N748UW,CLT,19:43,19:46,3
AA,08-10-2022,2591,N744P,CLT,12:55,12:55,0
AA,08-10-2023,364,N817AW,CLT,14:24,15:53,89
AA,08-10-2023,774,N9004F,CLT,05:20,05:12,-8
AA,08-10-2023,884,N654AW,DFW,16:36,17:24,48
AA,08-10-2023,1402,N9019F,CLT,17:57,18:25,28
AA,08-10-2023,1597,N9006,DFW,07:55,08:25,30
AA,08-10-2023,2988,N4005X,CLT,06:50,20:15,805
AA,08-10-2024,569,N664AW,DFW,16:34,16:41,7
AA,08-10-2024,1001,N839AW,CLT,19:43,19:33,-10
AA,08-11-2022,2591,N832AW,CLT,12:55,12:55,0
AA,08-11-2023,364,N738US,CLT,14:24,14:23,-1
AA,08-11-2023,774,N9029F,CLT,05:20,05:09,-11
AA,08-11-2023,884,N9026C,DFW,16:36,20:42,246
AA,08-11-2023,1402,N9017P,CLT,17:57,19:05,68
AA,08-11-2023,1597,N9025B,DFW,07:55,07:54,-1
AA,08-11-2023,2988,N9016,CLT,06:50,06:46,-4
AA,08-11-2024,569,N655AW,DFW,16:34,17:32,58
AA,08-11-2024,1001,N776XF,CLT,19:43,19:43,0
AA,08-12-2022,2591,N717UW,CLT,12:55,12:54,-1
AA,08-12-2023,364,N114UW,CLT,14:39,14:39,0
AA,08-12-2023,774,N804AW,CLT,05:10,05:01,-9
AA,08-12-2023,884,N836AW,DFW,16:35,16:45,10
AA,08-12-2023,1597,N9004F,DFW,07:55,07:54,-1
AA,08-12-2023,2988,N8031M,CLT,06:50,07:15,25
AA,08-12-2024,569,N102UW,DFW,16:34,16:41,7
AA,08-12-2024,1001,N764US,CLT,19:43,19:51,8
AA,08/13/2022,764,N737US,CLT,14:30,16:15,105
AA,08/13/2023,364,N817AW,CLT,14:24,15:33,69
AA,08/13/2023,774,N9006,CLT,05:20,00:00,0
AA,08/13/2023,884,N679AW,DFW,16:36,16:35,-1
AA,08/13/2023,1402,N4032T,CLT,17:57,18:01,4
AA,08/13/2023,2988,N9018E,CLT,06:50,06:50,0
AA,08/13/2024,569,N659AW,DFW,16:34,18:46,132
AA,08/13/2024,1001,N823AW,CLT,19:43,21:10,87
AA,08/14/2022,2591,N738US,CLT,12:35,12:31,-4
AA,08/14/2023,364,N730US,CLT,14:24,15:07,43
AA,08/14/2023,774,N8001N,CLT,05:20,10:38,318
AA,08/14/2023,884,N662AW,DFW,16:36,16:32,-4
AA,08/14/2023,1402,N840AW,CLT,17:57,18:57,60
AA,08/14/2023,1597,N4005X,DFW,07:55,07:58,3
AA,08/14/2023,2988,N9026C,CLT,06:50,06:48,-2
AA,08/14/2024,569,N649AW,DFW,16:34,17:02,28
AA,08/14/2024,1001,N831AW,CLT,19:43,20:18,35
AA,08/15/2022,2591,N803AW,CLT,12:55,13:20,25
AA,08/15/2023,364,N708UW,CLT,14:37,15:27,50
AA,08/15/2023,774,N70020,CLT,05:31,05:41,10
AA,08/15/2023,884,N126UW,DFW,17:09,17:28,19
AA,08/15/2023,1402,N746UW,CLT,18:02,18:15,13
AA,08/15/2023,2418,N708UW,CLT,06:50,06:56,6
AA,08/15/2023,2989,N9029F,DFW,07:27,08:14,47
AA,08/15/2024,569,N649AW,DFW,16:34,19:02,148
AA,08/15/2024,1001,N730US,CLT,19:43,20:20,37
AA,08/16/2022,764,N732US,CLT,14:23,14:13,-10
AA,08/16/2023,364,N9006,CLT,14:37,14:48,11
AA,08/16/2023,774,N711UW,CLT,05:31,10:30,299
AA,08/16/2023,884,N656AW,DFW,17:09,17:00,-9
AA,08/16/2023,1402,N747UW,CLT,18:02,17:50,-12
AA,08/16/2023,2418,N840AW,CLT,06:50,07:42,52
AA,08/16/2024,569,N649AW,DFW,16:34,19:24,170
AA,08/16/2024,1001,N709UW,CLT,19:43,20:07,24
AA,08/17/2022,764,N741UW,CLT,14:23,15:24,61
AA,08/17/2022,2988,N9011P,CLT,07:08,07:00,-8
AA,08/17/2023,364,N840AW,CLT,14:37,14:49,12
AA,08/17/2023,774,N700UW,CLT,05:31,05:22,-9
AA,08/17/2023,884,N654AW,DFW,17:09,17:01,-8
AA,08/17/2023,1402,N832AW,CLT,18:02,17:58,-4
AA,08/17/2023,2418,N804AW,CLT,06:50,06:47,-3
AA,08/17/2024,569,N125UW,DFW,16:34,18:10,96
AA,08/17/2024,1001,N825AW,CLT,19:43,19:53,10
AA,08/18/2022,764,N704US,CLT,14:23,14:14,-9
AA,08/18/2022,2988,N9010R,CLT,07:08,07:05,-3
AA,08/18/2023,364,N840AW,CLT,14:37,14:54,17
AA,08/18/2023,774,N747UW,CLT,05:31,05:20,-11
AA,08/18/2023,884,N109UW,DFW,17:09,17:31,22
AA,08/18/2023,1402,N805AW,CLT,18:02,18:21,19
AA,08/18/2023,2418,N840AW,CLT,06:50,06:45,-5
AA,08/18/2024,569,N123UW,DFW,16:34,16:55,21
AA,08/18/2024,1001,N702UW,CLT,19:43,20:17,34
AA,08/19/2022,764,N762US,CLT,14:23,14:16,-7
AA,08/19/2022,2988,N9021H,CLT,07:08,07:08,0
AA,08/19/2023,364,N749US,CLT,14:37,14:45,8
AA,08/19/2023,774,N752US,CLT,05:31,05:28,-3
AA,08/19/2023,884,N669AW,DFW,17:09,16:59,-10
AA,08/19/2023,1402,N749US,CLT,18:02,17:58,-4
AA,08/19/2023,2418,N127UW,CLT,06:50,06:44,-6
AA,08/19/2024,569,N110UW,DFW,16:34,16:35,1
AA,08/19/2024,1001,N704US,CLT,19:43,20:56,73
AA,08/20/2022,764,N833AW,CLT,14:23,15:01,38
AA,08/20/2022,2988,N12028,CLT,07:08,07:07,-1
AA,08/20/2023,364,N711UW,CLT,14:37,14:39,2
AA,08/20/2023,774,N826AW,CLT,05:31,05:25,-6
AA,08/20/2023,884,N126UW,DFW,17:09,19:00,111
AA,08/20/2023,1402,N711UW,CLT,18:02,17:55,-7
AA,08/20/2023,2418,N749US,CLT,06:50,06:49,-1
AA,08/20/2024,569,N664AW,DFW,16:34,16:32,-2
AA,08/20/2024,1001,N768US,CLT,19:43,19:35,-8
AA,08/21/2022,764,N713UW,CLT,14:23,14:18,-5
AA,08/21/2022,2988,N9012,CLT,07:08,07:17,9
AA,08/21/2023,364,N710UW,CLT,14:37,14:55,18
AA,08/21/2023,774,N721UW,CLT,05:31,05:29,-2
AA,08/21/2023,884,N117UW,DFW,17:09,17:15,6
AA,08/21/2023,1402,N710UW,CLT,18:02,18:13,11
AA,08/21/2023,2418,N710UW,CLT,06:50,06:52,2
AA,08/21/2024,569,N110UW,DFW,16:34,16:44,10
AA,08/21/2024,1001,N702UW,CLT,19:43,19:27,-16
AA,08/22/2022,764,N713UW,CLT,14:23,14:30,7
AA,08/22/2022,2988,N807AW,CLT,07:08,07:04,-4
AA,08/22/2023,364,N814AW,CLT,14:37,16:19,102
AA,08/22/2023,774,N721UW,CLT,05:31,05:54,23
AA,08/22/2023,884,N663AW,DFW,17:09,17:13,4
AA,08/22/2023,1402,N749US,CLT,18:02,17:53,-9
AA,08/22/2023,2418,N711UW,CLT,06:50,06:56,6
AA,08/22/2024,569,N659AW,DFW,16:34,16:26,-8
AA,08/22/2024,1001,N704US,CLT,19:43,19:36,-7
AA,08/23/2022,764,N732US,CLT,14:23,14:16,-7
AA,08/23/2022,2988,N807AW,CLT,07:08,07:09,1
AA,08/23/2023,364,N9006,CLT,14:37,14:34,-3
AA,08/23/2023,774,N832AW,CLT,05:31,05:22,-9
AA,08/23/2023,884,N109UW,DFW,17:09,17:24,15
AA,08/23/2023,1402,N805AW,CLT,18:02,18:14,12
AA,08/23/2023,2418,N733UW,CLT,06:50,07:35,45
AA,08/23/2024,569,N122US,DFW,16:34,16:45,11
AA,08/23/2024,1001,N601AW,CLT,19:43,19:38,-5
AA,08/24/2022,764,N757UW,CLT,14:23,14:19,-4
AA,08/24/2022,2988,N9013A,CLT,07:08,07:04,-4
AA,08/24/2023,364,N805AW,CLT,14:37,14:59,22
AA,08/24/2023,774,N762US,CLT,05:31,05:25,-6
AA,08/24/2023,884,N673AW,DFW,17:09,16:57,-12
AA,08/24/2023,1402,N733UW,CLT,18:02,17:54,-8
AA,08/24/2023,2418,N805AW,CLT,06:50,06:43,-7
AA,08/24/2024,569,N105UW,DFW,16:34,16:25,-9
AA,08/24/2024,1001,N737US,CLT,19:43,19:39,-4
AA,08/25/2022,764,N732US,CLT,14:23,14:20,-3
AA,08/25/2022,2988,N9002U,CLT,07:08,07:03,-5
AA,08/25/2023,364,N741UW,CLT,14:37,15:43,66
AA,08/25/2023,774,N741UW,CLT,05:31,05:24,-7
AA,08/25/2023,884,N109UW,DFW,17:09,18:43,94
AA,08/25/2023,1402,N805AW,CLT,18:02,17:49,-13
AA,08/25/2023,2418,N733UW,CLT,06:50,06:46,-4
AA,08/25/2024,569,N110UW,DFW,16:34,16:49,15
AA,08/25/2024,1001,N825AW,CLT,19:43,19:37,-6
AA,08/26/2022,764,N752US,CLT,14:23,14:15,-8
AA,08/26/2022,2988,N820AW,CLT,07:08,07:06,-2
AA,08/26/2023,364,N824AW,CLT,14:37,14:45,8
AA,08/26/2023,774,N701UW,CLT,05:31,05:22,-9
AA,08/26/2023,884,N117UW,DFW,17:09,17:08,-1
AA,08/26/2023,1402,N824AW,CLT,18:02,17:52,-10
AA,08/26/2023,2418,N708UW,CLT,06:50,09:20,150
AA,08/26/2024,569,N656AW,DFW,16:34,00:00,0
AA,08/26/2024,1001,N813AW,CLT,19:43,20:31,48
AA,08/27/2022,764,N717UW,CLT,14:23,14:11,-12
AA,08/27/2022,2988,N804AW,CLT,07:08,00:00,0
AA,08/27/2023,364,N831AW,CLT,14:37,15:54,77
AA,08/27/2023,774,N741UW,CLT,05:31,06:40,69
AA,08/27/2023,884,N102UW,DFW,17:09,17:13,4
AA,08/27/2023,1402,N831AW,CLT,18:02,20:22,140
AA,08/27/2023,2418,N824AW,CLT,06:50,07:52,62
AA,08/27/2024,569,N126UW,DFW,16:34,16:37,3
AA,08/28/2022,764,N745VJ,CLT,14:23,14:16,-7
AA,08/28/2022,2988,N804AW,CLT,07:08,07:14,6
AA,08/28/2023,364,N741UW,CLT,14:37,15:06,29
AA,08/28/2023,774,N741UW,CLT,05:31,06:20,49
AA,08/28/2023,884,N9013A,DFW,17:09,17:31,22
AA,08/28/2023,1402,N741UW,CLT,18:02,19:07,65
AA,08/28/2023,2418,N741UW,CLT,06:50,00:00,0
AA,08/28/2024,569,N105UW,DFW,16:34,16:38,4
AA,08/29/2022,764,N708UW,CLT,14:23,14:21,-2
AA,08/29/2022,2988,N737US,CLT,07:08,07:03,-5
AA,08/29/2023,364,N805AW,CLT,14:37,14:44,7
AA,08/29/2023,774,N831AW,CLT,05:31,05:22,-9
AA,08/29/2023,884,N121UW,DFW,17:09,17:08,-1
AA,08/29/2023,1402,N127UW,CLT,18:02,20:39,157
AA,08/29/2023,2418,N9006,CLT,06:50,06:46,-4
AA,08/29/2024,569,N102UW,DFW,16:34,16:26,-8
AA,08/29/2024,1001,N832AW,CLT,19:43,19:33,-10
AA,08/30/2022,764,N814AW,CLT,14:23,14:14,-9
AA,08/30/2022,2988,N8030F,CLT,07:08,07:02,-6
AA,08/30/2023,364,N744P,CLT,14:37,14:47,10
AA,08/30/2023,774,N733UW,CLT,05:31,05:22,-9
AA,08/30/2023,884,N669AW,DFW,17:09,17:18,9
AA,08/30/2023,1402,N773XF,CLT,18:02,18:04,2
AA,08/30/2023,2418,N9017P,CLT,06:50,06:47,-3
AA,08/30/2024,569,N601AW,DFW,16:34,19:18,164
AA,08/30/2024,1001,N774XF,CLT,19:43,13:36,1073
AA,08/31/2022,764,N825AW,CLT,14:23,14:17,-6
AA,08/31/2022,2988,N824AW,CLT,07:08,07:05,-3
AA,08/31/2023,364,N107US,CLT,14:37,14:28,-9
AA,08/31/2023,774,N716UW,CLT,05:31,05:25,-6
AA,08/31/2023,884,N649AW,DFW,17:09,17:02,-7
AA,08/31/2023,1402,N8001N,CLT,18:02,17:51,-11
AA,08/31/2023,2418,N753US,CLT,06:50,06:50,0
AA,08/31/2024,569,N137AA,DFW,16:34,20:58,264
AA,09-01-2022,764,N829AW,CLT,14:23,14:21,-2
AA,09-01-2022,2988,N9013A,CLT,07:08,07:00,-8
AA,09-01-2023,364,N716UW,CLT,14:37,15:02,25
AA,09-01-2023,774,N732US,CLT,05:31,05:22,-9
AA,09-01-2023,884,N662AW,DFW,17:09,17:07,-2
AA,09-01-2023,1402,N756US,CLT,18:02,18:03,1
AA,09-01-2023,2418,N746UW,CLT,06:50,06:44,-6
AA,09-02-2022,764,N724UW,CLT,14:23,15:11,48
AA,09-02-2022,2988,N9023N,CLT,07:08,07:07,-1
AA,09-02-2023,364,N9017P,CLT,14:37,15:22,45
AA,09-02-2023,774,N822AW,CLT,05:31,05:24,-7
AA,09-02-2023,884,N664AW,DFW,14:39,14:32,-7
AA,09-02-2023,2418,N703UW,CLT,06:50,19:12,742
AA,09-03-2022,764,N710UW,CLT,14:23,14:26,3
AA,09-03-2022,2988,N9010R,CLT,07:08,07:07,-1
AA,09-03-2023,364,N822AW,CLT,14:37,15:16,39
AA,09-03-2023,884,N122US,DFW,14:39,15:06,27
AA,09-03-2023,2138,N716UW,CLT,08:56,08:47,-9
AA,09-03-2023,2160,N822AW,CLT,11:12,11:04,-8
AA,09-04-2022,764,N745VJ,CLT,14:23,14:14,-9
AA,09-04-2023,364,N830AW,CLT,14:37,14:47,10
AA,09-04-2023,884,N668AW,DFW,17:09,17:14,5
AA,09-04-2023,1402,N708UW,CLT,18:02,18:29,27
AA,09-04-2023,2138,N702UW,CLT,08:56,09:01,5
AA,09-04-2023,2418,N745VJ,CLT,06:50,06:52,2
AA,09-05-2022,764,N710UW,CLT,14:23,14:17,-6
AA,09-05-2022,2988,N724UW,CLT,07:08,07:12,4
AA,09-05-2023,364,N708UW,CLT,14:37,14:47,10
AA,09-05-2023,774,N721UW,CLT,05:31,05:25,-6
AA,09-05-2023,884,N107US,DFW,17:09,17:05,-4
AA,09-05-2023,2418,N663AW,CLT,06:50,06:48,-2
AA,09-06-2022,764,N704US,CLT,14:23,14:20,-3
AA,09-06-2022,2988,N8030F,CLT,07:08,07:06,-2
AA,09-06-2023,364,N103US,CLT,14:46,15:00,14
AA,09-06-2023,462,N124US,DFW,17:06,17:02,-4
AA,09-06-2023,2055,N721UW,CLT,07:00,06:53,-7
AA,09-06-2023,2059,N708UW,CLT,18:16,18:08,-8
AA,09-06-2023,2062,N827AW,CLT,08:57,10:56,119
AA,09-07-2022,463,N752US,CLT,14:00,13:55,-5
AA,09-07-2022,2988,N8027D,CLT,07:00,06:59,-1
AA,09-07-2023,364,N12028,CLT,14:44,14:35,-9
AA,09-07-2023,462,N665AW,DFW,17:06,16:58,-8
AA,09-07-2023,2059,N772XF,CLT,18:16,18:34,18
AA,09-07-2023,2418,N764US,CLT,07:00,06:54,-6
AA,09-08-2022,463,N724UW,CLT,14:00,14:01,1
AA,09-08-2022,2988,N763US,CLT,07:00,07:17,17
AA,09-08-2023,364,N4032T,CLT,14:44,14:55,11
AA,09-08-2023,462,N118US,DFW,17:06,17:30,24
AA,09-08-2023,2059,N773XF,CLT,18:16,18:20,4
AA,09-08-2023,2418,N764US,CLT,07:00,06:53,-7
AA,09-09-2022,463,N701UW,CLT,14:00,14:21,21
AA,09-09-2022,2988,N8030F,CLT,07:00,06:56,-4
AA,09-09-2023,364,N655AW,CLT,14:36,15:14,38
AA,09-09-2023,462,N766US,DFW,17:06,16:53,-13
AA,09-09-2023,2059,N775XF,CLT,18:16,18:46,30
AA,09-09-2023,2418,N744P,CLT,07:00,06:51,-9
AA,09-10-2022,463,N724UW,CLT,14:00,13:58,-2
AA,09-10-2022,2988,N5007E,CLT,07:00,06:54,-6
AA,09-10-2023,364,N8027D,CLT,14:44,14:45,1
AA,09-10-2023,462,N657AW,DFW,17:06,17:01,-5
AA,09-10-2023,2059,N708UW,CLT,18:16,18:43,27
AA,09-10-2023,2418,N704US,CLT,07:00,07:00,0
AA,09-11-2022,463,N725UW,CLT,14:00,14:02,2
AA,09-11-2022,2988,N8030F,CLT,07:00,07:07,7
AA,09-11-2023,364,N9008U,CLT,14:44,14:49,5
AA,09-11-2023,462,N9013A,DFW,17:06,17:57,51
AA,09-11-2023,2059,N750UW,CLT,18:16,18:48,32
AA,09-11-2023,2418,N762US,CLT,07:00,06:58,-2
AA,09-12-2022,463,N713UW,CLT,14:00,14:00,0
AA,09-12-2022,2988,N4032T,CLT,07:00,06:56,-4
AA,09-12-2023,364,N121UW,CLT,14:46,15:39,53
AA,09-12-2023,462,N128UW,DFW,17:06,16:58,-8
AA,09-12-2023,2059,N742PS,CLT,18:16,18:46,30
AA,09-12-2023,2418,N773XF,CLT,07:00,07:00,0
AA,09/13/2022,463,N712US,CLT,14:00,13:57,-3
AA,09/13/2022,2988,N9016,CLT,07:00,07:03,3
AA,09/13/2023,364,N105UW,CLT,14:46,14:41,-5
AA,09/13/2023,462,N651AW,DFW,17:06,19:31,145
AA,09/13/2023,2059,N812AW,CLT,18:16,18:37,21
AA,09/13/2023,2418,N830AW,CLT,07:00,06:56,-4
AA,09/14/2022,463,N705UW,CLT,14:00,14:00,0
AA,09/14/2022,2988,N8001N,CLT,07:00,06:58,-2
AA,09/14/2023,364,N9025B,CLT,14:44,14:39,-5
AA,09/14/2023,462,N649AW,DFW,17:06,18:01,55
AA,09/14/2023,2059,N830AW,CLT,18:16,18:45,29
AA,09/14/2023,2418,N748UW,CLT,07:00,06:57,-3
AA,09/15/2022,463,N712US,CLT,14:00,14:01,1
AA,09/15/2022,2988,N12028,CLT,07:00,06:57,-3
AA,09/15/2023,364,N9025B,CLT,14:44,15:00,16
AA,09/15/2023,462,N657AW,DFW,17:06,16:54,-12
AA,09/15/2023,2059,N9021H,CLT,18:16,18:07,-9
AA,09/15/2023,2418,N830AW,CLT,07:00,06:55,-5
AA,09/16/2022,463,N817AW,CLT,14:00,13:59,-1
AA,09/16/2022,2988,N838AW,CLT,07:00,06:55,-5
AA,09/16/2023,364,N654AW,CLT,14:36,14:28,-8
AA,09/16/2023,462,N830AW,DFW,17:06,21:48,282
AA,09/16/2023,2059,N773XF,CLT,18:16,18:03,-13
AA,09/16/2023,2418,N773XF,CLT,07:00,06:58,-2
AA,09/17/2022,463,N771XF,CLT,14:00,13:50,-10
AA,09/17/2022,2988,N9002U,CLT,07:00,06:57,-3
AA,09/17/2023,364,N9025B,CLT,14:44,14:58,14
AA,09/17/2023,462,N673AW,DFW,17:06,23:43,397
AA,09/17/2023,2059,N814AW,CLT,18:16,19:14,58
AA,09/17/2023,2418,N715UW,CLT,07:00,09:37,157
AA,09/18/2022,463,N12028,CLT,14:00,14:30,30
AA,09/18/2022,2988,N710UW,CLT,07:00,09:00,120
AA,09/18/2023,364,N9006,CLT,14:44,14:40,-4
AA,09/18/2023,462,N657AW,DFW,17:06,18:30,84
AA,09/18/2023,2059,N733UW,CLT,18:16,20:17,121
AA,09/18/2023,2418,N662AW,CLT,07:00,06:52,-8
AA,09/19/2022,463,N705UW,CLT,14:00,13:57,-3
AA,09/19/2022,2988,N4005X,CLT,07:00,07:00,0
AA,09/19/2023,364,N652AW,CLT,14:46,14:39,-7
AA,09/19/2023,462,N654AW,DFW,17:06,17:02,-4
AA,09/19/2023,2059,N715UW,CLT,18:16,18:11,-5
AA,09/19/2023,2418,N716UW,CLT,07:00,07:10,10
AA,09/20/2022,463,N733UW,CLT,14:00,14:09,9
AA,09/20/2022,2988,N9025B,CLT,07:00,06:54,-6
AA,09/20/2023,364,N822AW,CLT,14:46,14:44,-2
AA,09/20/2023,462,N9025B,DFW,17:06,19:39,153
AA,09/20/2023,2059,N817AW,CLT,18:16,18:14,-2
AA,09/20/2023,2418,N705UW,CLT,07:00,07:06,6
AA,09/21/2022,463,N733UW,CLT,14:00,13:55,-5
AA,09/21/2022,2988,N721UW,CLT,07:00,06:55,-5
AA,09/21/2023,364,N9004F,CLT,14:44,14:49,5
AA,09/21/2023,462,N665AW,DFW,17:06,18:38,92
AA,09/21/2023,2059,N760US,CLT,18:16,18:17,1
AA,09/21/2023,2418,N776XF,CLT,07:00,07:04,4
AA,09/22/2022,463,N733UW,CLT,14:00,13:58,-2
AA,09/22/2022,2988,N9010R,CLT,07:00,07:00,0
AA,09/22/2023,364,N9004F,CLT,14:44,14:41,-3
AA,09/22/2023,462,N9011P,DFW,17:06,16:27,1401
AA,09/22/2023,2059,N774XF,CLT,18:16,18:30,14
AA,09/22/2023,2418,N821AW,CLT,07:00,07:06,6
AA,09/23/2022,463,N70020,CLT,14:00,14:00,0
AA,09/23/2022,2988,N8027D,CLT,07:00,06:52,-8
AA,09/23/2023,364,N662AW,CLT,14:36,14:29,-7
AA,09/23/2023,462,N665AW,DFW,17:06,17:20,14
AA,09/23/2023,2059,N830AW,CLT,18:16,18:05,-11
AA,09/23/2023,2418,N747UW,CLT,07:00,07:06,6
AA,09/24/2022,463,N742PS,CLT,14:00,14:31,31
AA,09/24/2022,2988,N738US,CLT,07:00,06:56,-4
AA,09/24/2023,364,N9017P,CLT,14:44,14:48,4
AA,09/24/2023,462,N647AW,DFW,17:06,17:06,0
AA,09/24/2023,2059,N733UW,CLT,18:16,18:15,-1
AA,09/24/2023,2418,N752US,CLT,07:00,06:57,-3
AA,09/25/2022,463,N817AW,CLT,14:22,14:13,-9
AA,09/25/2022,2988,N8027D,CLT,07:00,06:59,-1
AA,09/25/2023,364,N9017P,CLT,14:44,14:42,-2
AA,09/25/2023,462,N103US,DFW,17:06,17:11,5
AA,09/25/2023,2059,N9006,CLT,18:16,18:08,-8
AA,09/25/2023,2418,N830AW,CLT,07:00,07:12,12
AA,09/26/2022,463,N778XF,CLT,14:22,14:16,-6
AA,09/26/2022,2988,N9018E,CLT,07:00,06:59,-1
AA,09/26/2023,364,N126UW,CLT,14:46,14:58,12
AA,09/26/2023,462,N673AW,DFW,17:06,16:58,-8
AA,09/26/2023,2059,N827AW,CLT,18:16,18:11,-5
AA,09/26/2023,2418,N764US,CLT,07:00,07:07,7
AA,09/27/2022,463,N778XF,CLT,14:22,14:16,-6
AA,09/27/2022,2988,N9016,CLT,07:00,07:00,0
AA,09/27/2023,364,N647AW,CLT,14:46,15:33,47
AA,09/27/2023,462,N604AW,DFW,17:06,19:17,131
AA,09/27/2023,2059,N716UW,CLT,18:16,18:52,36
AA,09/27/2023,2418,N9021H,CLT,07:00,06:52,-8
AA,09/28/2022,463,N837AW,CLT,14:22,14:21,-1
AA,09/28/2022,2988,N70020,CLT,07:00,06:58,-2
AA,09/28/2023,364,N8001N,CLT,14:44,15:07,23
AA,09/28/2023,462,N649AW,DFW,17:06,17:01,-5
AA,09/28/2023,2059,N775XF,CLT,18:16,18:48,32
AA,09/28/2023,2418,N750UW,CLT,07:00,07:42,42
AA,09/29/2022,463,N702UW,CLT,14:22,14:21,-1
AA,09/29/2022,2988,N9013A,CLT,07:00,07:02,2
AA,09/29/2023,364,N8001N,CLT,14:44,14:43,-1
AA,09/29/2023,462,N653AW,DFW,17:06,19:06,120
AA,09/29/2023,2059,N778XF,CLT,18:16,18:06,-10
AA,09/29/2023,2418,N740UW,CLT,07:00,06:55,-5
AA,09/30/2022,463,N837AW,CLT,14:22,14:47,25
AA,09/30/2022,2988,N9002U,CLT,07:00,06:59,-1
AA,09/30/2023,364,N109UW,CLT,14:36,14:30,-6
AA,09/30/2023,462,N651AW,DFW,17:06,18:14,68
AA,09/30/2023,2059,N773XF,CLT,18:16,19:04,48
AA,09/30/2023,2418,N776XF,CLT,07:00,07:06,6
AA,10-01-2022,463,N822AW,CLT,14:22,14:19,-3
AA,10-01-2022,2988,N837AW,CLT,07:00,09:08,128
AA,10-01-2023,364,N9016,CLT,14:44,14:48,4
AA,10-01-2023,462,N658AW,DFW,17:06,17:07,1
AA,10-01-2023,2059,N704US,CLT,18:16,18:12,-4
AA,10-01-2023,2418,N756US,CLT,07:00,07:01,1
AA,10-02-2022,463,N825AW,CLT,14:22,14:17,-5
AA,10-02-2022,2988,N9008U,CLT,07:00,06:59,-1
AA,10-02-2023,364,N12028,CLT,14:44,14:49,5
AA,10-02-2023,462,N673AW,DFW,17:06,17:03,-3
AA,10-02-2023,2059,N4032T,CLT,18:16,18:27,11
AA,10-02-2023,2418,N746UW,CLT,07:00,06:54,-6
AA,10-03-2022,463,N804AW,CLT,14:22,14:22,0
AA,10-03-2022,2988,N9011P,CLT,07:00,06:58,-2
AA,10-03-2023,364,N733UW,CLT,14:46,14:40,-6
AA,10-03-2023,462,N125UW,DFW,17:06,16:58,-8
AA,10-03-2023,2059,N702UW,CLT,18:16,18:07,-9
AA,10-03-2023,2418,N758US,CLT,07:00,07:02,2
AA,10-04-2022,463,N815AW,CLT,14:22,14:22,0
AA,10-04-2022,2988,N9029F,CLT,07:00,06:58,-2
AA,10-04-2023,364,N703UW,CLT,14:46,14:41,-5
AA,10-04-2023,462,N665AW,DFW,17:06,16:59,-7
AA,10-04-2023,2059,N737US,CLT,18:16,18:06,-10
AA,10-04-2023,2418,N737US,CLT,07:00,07:00,0
AA,10-05-2022,463,N801AW,CLT,14:22,14:33,11
AA,10-05-2022,2988,N8009T,CLT,07:00,08:18,78
AA,10-05-2023,364,N4032T,CLT,14:35,14:30,-5
AA,10-05-2023,884,N650AW,DFW,16:52,16:45,-7
AA,10-05-2023,1523,N9012,MIA,16:46,19:06,140
AA,10-05-2023,2418,N717UW,CLT,07:01,06:56,-5
AA,10-06-2022,463,N700UW,CLT,14:22,14:17,-5
AA,10-06-2022,2988,N93003,CLT,06:20,06:18,-2
AA,10-06-2023,364,N604AW,CLT,14:35,14:45,10
AA,10-06-2023,884,N665AW,DFW,16:52,16:51,-1
AA,10-06-2023,1523,N9026C,MIA,16:46,16:42,-4
AA,10-06-2023,2418,N757UW,CLT,07:01,07:04,3
AA,10-07-2022,463,N723UW,CLT,14:22,14:17,-5
AA,10-07-2022,2988,N93003,CLT,06:20,06:30,10
AA,10-07-2023,364,N664AW,CLT,14:35,14:29,-6
AA,10-07-2023,884,N654AW,DFW,16:52,16:52,0
AA,10-07-2023,2418,N744P,CLT,07:01,07:31,30
AA,10-08-2022,463,N740UW,CLT,14:27,14:24,-3
AA,10-08-2022,2988,N9013A,CLT,06:20,06:18,-2
AA,10-08-2023,364,N655AW,CLT,14:35,16:24,109
AA,10-08-2023,884,N660AW,DFW,16:52,08:39,947
AA,10-08-2023,1523,N806AW,MIA,16:46,19:55,189
AA,10-08-2023,2418,N740UW,CLT,07:01,07:02,1
AA,10-09-2022,463,N810AW,CLT,14:22,14:44,22
AA,10-09-2022,2988,N93003,CLT,06:20,08:11,111
AA,10-09-2023,364,N127UW,CLT,14:35,14:28,-7
AA,10-09-2023,884,N657AW,DFW,16:52,16:47,-5
AA,10-09-2023,1523,N9023N,MIA,16:46,19:50,184
AA,10-09-2023,2418,N708UW,CLT,07:01,06:59,-2
AA,10-10-2022,463,N722US,CLT,14:22,14:16,-6
AA,10-10-2022,2988,N9004F,CLT,06:20,08:36,136
AA,10-10-2023,364,N649AW,CLT,14:35,14:24,-11
AA,10-10-2023,884,N654AW,DFW,16:52,16:50,-2
AA,10-10-2023,2418,N732US,CLT,07:01,06:53,-8
AA,10-11-2022,463,N741UW,CLT,14:22,15:08,46
AA,10-11-2022,2988,N9006,CLT,06:20,06:16,-4
AA,10-11-2023,364,N601AW,CLT,14:35,14:25,-10
AA,10-11-2023,884,N103US,DFW,16:52,17:30,38
AA,10-11-2023,2418,N700UW,CLT,07:01,06:56,-5
AA,10-12-2022,463,N803AW,CLT,14:22,14:30,8
AA,10-12-2022,2988,N5007E,CLT,06:20,06:17,-3
AA,10-12-2023,364,N647AW,CLT,14:35,14:50,15
AA,10-12-2023,884,N657AW,DFW,16:52,18:21,89
AA,10-12-2023,1523,N9026C,MIA,16:46,17:42,56
AA,10-12-2023,2418,N701UW,CLT,07:01,06:55,-6
AA,10/13/2022,463,N766US,CLT,14:22,16:42,140
AA,10/13/2022,2988,N5007E,CLT,06:20,06:17,-3
AA,10/13/2023,364,N601AW,CLT,14:35,14:34,-1
AA,10/13/2023,884,N657AW,DFW,16:52,16:52,0
AA,10/13/2023,1523,N9002U,MIA,16:46,16:59,13
AA,10/13/2023,2418,N737US,CLT,07:01,06:57,-4
AA,10/14/2022,463,N770UW,CLT,14:22,15:04,42
AA,10/14/2022,2988,N9029F,CLT,06:20,06:33,13
AA,10/14/2023,364,N108UW,CLT,14:35,14:31,-4
AA,10/14/2023,884,N662AW,DFW,16:52,16:52,0
AA,10/14/2023,2418,N700UW,CLT,07:01,06:58,-3
AA,10/15/2022,463,N663AW,CLT,14:27,14:24,-3
AA,10/15/2022,2988,N9008U,CLT,06:20,06:15,-5
AA,10/15/2023,364,N102UW,CLT,14:35,15:00,25
AA,10/15/2023,884,N667AW,DFW,16:52,18:35,103
AA,10/15/2023,1523,N4005X,MIA,16:46,16:49,3
AA,10/15/2023,2418,N700UW,CLT,07:01,17:22,621
AA,10/16/2022,463,N753US,CLT,14:22,14:17,-5
AA,10/16/2022,2988,N705UW,CLT,06:20,06:17,-3
AA,10/16/2023,364,N663AW,CLT,14:35,14:53,18
AA,10/16/2023,884,N655AW,DFW,16:52,17:11,19
AA,10/16/2023,1523,N8027D,MIA,16:46,16:54,8
AA,10/16/2023,2418,N776XF,CLT,07:01,07:16,15
AA,10/17/2022,463,N838AW,CLT,14:22,14:20,-2
AA,10/17/2022,2988,N8027D,CLT,06:20,06:23,3
AA,10/17/2023,364,N102UW,CLT,14:35,14:56,21
AA,10/17/2023,884,N667AW,DFW,16:52,16:55,3
AA,10/17/2023,2418,N711UW,CLT,07:01,06:55,-6
AA,10/18/2022,463,N814AW,CLT,14:22,14:17,-5
AA,10/18/2022,2988,N9012,CLT,06:20,06:18,-2
AA,10/18/2023,364,N107US,CLT,14:35,14:46,11
AA,10/18/2023,884,N118US,DFW,16:52,18:23,91
AA,10/18/2023,2418,N768US,CLT,07:01,07:03,2
AA,10/19/2022,463,N750UW,CLT,14:22,14:55,33
AA,10/19/2022,2988,N747UW,CLT,06:20,06:15,-5
AA,10/19/2023,364,N108UW,CLT,14:35,15:34,59
AA,10/19/2023,884,N128UW,DFW,16:52,17:13,21
AA,10/19/2023,1523,N9004F,MIA,16:46,17:51,65
AA,10/19/2023,2418,N713UW,CLT,07:01,07:06,5
AA,10/20/2022,463,N744P,CLT,14:22,14:21,-1
AA,10/20/2022,2988,N9004F,CLT,06:20,06:18,-2
AA,10/20/2023,364,N127UW,CLT,14:35,17:50,195
AA,10/20/2023,884,N647AW,DFW,16:52,18:04,72
AA,10/20/2023,1523,N9026C,MIA,16:46,16:44,-2
AA,10/20/2023,2418,N817AW,CLT,07:01,06:58,-3
AA,10/21/2022,463,N752US,CLT,14:22,14:22,0
AA,10/21/2022,2988,N9021H,CLT,06:20,06:16,-4
AA,10/21/2023,364,N661AW,CLT,14:35,14:36,1
AA,10/21/2023,884,N647AW,DFW,16:52,17:14,22
AA,10/21/2023,2418,N839AW,CLT,07:01,06:58,-3
AA,10/22/2022,463,N659AW,CLT,14:27,14:27,0
AA,10/22/2022,2988,N8027D,CLT,06:20,19:06,766
AA,10/22/2023,364,N668AW,CLT,14:35,14:33,-2
AA,10/22/2023,884,N658AW,DFW,16:52,20:17,205
AA,10/22/2023,1523,N3014R,MIA,16:46,16:45,-1
AA,10/22/2023,2418,N700UW,CLT,07:01,07:01,0
AA,10/23/2022,463,N741UW,CLT,14:22,14:16,-6
AA,10/23/2022,2988,N679AW,CLT,06:20,06:23,3
AA,10/23/2023,364,N680AW,CLT,14:35,14:41,6
AA,10/23/2023,884,N126UW,DFW,16:52,19:35,163
AA,10/23/2023,1523,N9026C,MIA,16:46,16:49,3
AA,10/23/2023,2418,N831AW,CLT,07:01,07:03,2
AA,10/24/2022,463,N741UW,CLT,14:22,14:21,-1
AA,10/24/2022,2988,N9026C,CLT,06:20,06:16,-4
AA,10/24/2023,364,N832AW,CLT,14:35,14:38,3
AA,10/24/2023,884,N604AW,DFW,16:52,16:56,4
AA,10/24/2023,2418,N834AW,CLT,07:01,07:00,-1
AA,10/25/2022,463,N840AW,CLT,14:22,14:16,-6
AA,10/25/2022,2988,N9016,CLT,06:20,06:17,-3
AA,10/25/2023,364,N647AW,CLT,14:35,14:30,-5
AA,10/25/2023,884,N112US,DFW,16:52,16:53,1
AA,10/25/2023,2418,N755US,CLT,07:01,07:01,0
AA,10/26/2022,463,N741UW,CLT,14:22,14:13,-9
AA,10/26/2022,2988,N741UW,CLT,06:20,06:15,-5
AA,10/26/2023,364,N649AW,CLT,14:35,14:54,19
AA,10/26/2023,884,N102UW,DFW,16:52,16:52,0
AA,10/26/2023,1523,N9019F,MIA,16:46,16:37,-9
AA,10/26/2023,2418,N737US,CLT,07:01,07:21,20
AA,10/27/2022,463,N840AW,CLT,14:22,14:13,-9
AA,10/27/2022,2988,N70020,CLT,06:20,06:19,-1
AA,10/27/2023,364,N601AW,CLT,14:35,14:35,0
AA,10/27/2023,884,N653AW,DFW,16:52,17:31,39
AA,10/27/2023,1523,N4032T,MIA,16:46,16:45,-1
AA,10/27/2023,2418,N740UW,CLT,07:01,07:00,-1
AA,10/28/2022,463,N741UW,CLT,14:22,14:13,-9
AA,10/28/2022,2988,N9021H,CLT,06:20,06:11,-9
AA,10/28/2023,364,N650AW,CLT,14:35,14:53,18
AA,10/28/2023,2418,N740UW,CLT,07:01,06:59,-2
AA,10/29/2022,463,N601AW,CLT,14:27,14:18,-9
AA,10/29/2022,2988,N70020,CLT,06:00,06:03,3
AA,10/29/2023,364,N103US,CLT,14:35,16:08,93
AA,10/29/2023,884,N659AW,DFW,16:52,16:57,5
AA,10/29/2023,2180,N673AW,DFW,07:25,07:28,3
AA,10/29/2023,2418,N765US,CLT,07:01,07:01,0
AA,10/30/2022,463,N737US,CLT,14:22,14:14,-8
AA,10/30/2022,2988,N70020,CLT,06:20,06:19,-1
AA,10/30/2023,364,N128UW,CLT,14:45,14:41,-4
AA,10/30/2023,884,N601AW,DFW,16:52,17:13,21
AA,10/30/2023,2418,N709UW,CLT,07:01,07:02,1
AA,10/31/2022,463,N815AW,CLT,14:22,14:20,-2
AA,10/31/2022,2988,N191UW,CLT,06:20,06:27,7
AA,10/31/2023,364,N123UW,CLT,14:45,14:43,-2
AA,10/31/2023,2418,N752US,CLT,07:01,07:04,3
AA,11-01-2022,463,N746UW,CLT,14:22,14:18,-4
AA,11-01-2023,364,N126UW,CLT,14:45,14:37,-8
AA,11-01-2023,884,N673AW,DFW,16:52,16:47,-5
AA,11-01-2023,2180,N665AW,DFW,07:25,08:28,63
AA,11-01-2023,2418,N3014R,CLT,07:01,07:00,-1
AA,11-02-2022,463,N757UW,CLT,14:22,14:22,0
AA,11-02-2022,2988,N9025B,CLT,06:20,06:16,-4
AA,11-02-2023,364,N108UW,CLT,14:45,14:37,-8
AA,11-02-2023,884,N658AW,DFW,16:52,17:41,49
AA,11-02-2023,2418,N772XF,CLT,07:01,07:11,10
AA,11-03-2022,1646,N708UW,CLT,14:40,14:39,-1
AA,11-03-2022,1867,N8030F,CLT,06:20,06:13,-7
AA,11-03-2022,2037,N748UW,CLT,18:16,18:13,-3
AA,11-03-2023,364,N669AW,CLT,14:45,14:43,-2
AA,11-03-2023,884,N649AW,DFW,16:52,16:46,-6
AA,11-03-2023,2418,N8027D,CLT,07:01,07:50,49
AA,11-04-2022,1646,N769US,CLT,14:40,14:59,19
AA,11-04-2022,2037,N733UW,CLT,18:16,18:13,-3
AA,11-04-2022,2651,N832AW,CLT,07:00,06:55,-5
AA,11-04-2023,364,N659AW,CLT,14:45,14:34,-11
AA,11-04-2023,884,N128UW,DFW,16:52,16:40,-12
AA,11-04-2023,2418,N744P,CLT,07:01,06:52,-9
AA,11-05-2022,1646,N9019F,CLT,14:40,14:39,-1
AA,11-05-2022,2037,N837AW,CLT,18:16,18:30,14
AA,11-05-2022,2651,N177XF,CLT,07:00,06:58,-2
AA,11-05-2023,2850,N652AW,DFW,16:45,17:23,38
AA,11-06-2022,1646,N825AW,CLT,14:40,14:44,4
AA,11-06-2022,2037,N756US,CLT,18:16,18:15,-1
AA,11-06-2022,2651,N652AW,CLT,07:00,06:59,-1
AA,11-06-2023,2850,N109UW,DFW,16:45,19:22,157
AA,11-07-2022,1646,N804AW,CLT,14:40,14:38,-2
AA,11-07-2022,2037,N753US,CLT,18:16,18:34,18
AA,11-07-2022,2651,N714US,CLT,07:00,07:33,33
AA,11-07-2023,2850,N647AW,DFW,16:45,16:36,-9
AA,11-08-2022,1646,N769US,CLT,14:40,14:37,-3
AA,11-08-2022,2037,N721UW,CLT,18:16,18:47,31
AA,11-08-2022,2651,N659AW,CLT,07:00,06:56,-4
AA,11-08-2023,2850,N128UW,DFW,16:45,16:35,-10
AA,11-09-2022,1646,N806AW,CLT,14:40,14:41,1
AA,11-09-2022,2037,N762US,CLT,18:16,18:16,0
AA,11-09-2022,2651,N669AW,CLT,07:00,06:58,-2
AA,11-09-2023,2850,N673AW,DFW,16:45,17:34,49
AA,11-10-2022,1646,N807AW,CLT,14:40,14:35,-5
AA,11-10-2022,2037,N762US,CLT,18:16,18:12,-4
AA,11-10-2022,2651,N818AW,CLT,07:00,06:56,-4
AA,11-10-2023,2850,N647AW,DFW,16:45,16:46,1
AA,11-11-2022,1646,N747UW,CLT,14:40,14:37,-3
AA,11-11-2022,2037,N725UW,CLT,18:16,18:33,17
AA,11-11-2022,2651,N807AW,CLT,07:00,06:57,-3
AA,11-11-2023,2850,N8031M,DFW,16:52,18:43,111
AA,11-12-2022,1646,N754UW,CLT,14:40,14:59,19
AA,11-12-2022,2037,N744P,CLT,18:16,18:16,0
AA,11-12-2022,2651,N805AW,CLT,07:00,06:56,-4
AA,11-12-2023,2850,N126UW,DFW,16:45,16:49,4
AA,11/13/2022,1646,N835AW,CLT,14:40,15:21,41
AA,11/13/2022,2037,N835AW,CLT,18:16,19:20,64
AA,11/13/2022,2651,N653AW,CLT,07:00,07:04,4
AA,11/13/2023,2850,N651AW,DFW,16:45,16:45,0
AA,11/14/2022,1646,N808AW,CLT,14:40,14:34,-6
AA,11/14/2022,2037,N711UW,CLT,18:16,18:19,3
AA,11/14/2022,2651,N840AW,CLT,07:00,06:59,-1
AA,11/14/2023,2850,N649AW,DFW,16:45,16:35,-10
AA,11/15/2022,1646,N809AW,CLT,14:40,14:33,-7
AA,11/15/2022,2037,N701UW,CLT,18:16,18:29,13
AA,11/15/2022,2651,N838AW,CLT,07:00,06:54,-6
AA,11/15/2023,2850,N107US,DFW,16:45,16:37,-8
AA,11/16/2022,1646,N806AW,CLT,14:40,14:35,-5
AA,11/16/2022,2037,N725UW,CLT,18:16,18:14,-2
AA,11/16/2022,2651,N807AW,CLT,07:00,06:58,-2
AA,11/16/2023,2850,N102UW,DFW,16:45,16:37,-8
AA,11/17/2022,1646,N818AW,CLT,14:40,14:40,0
AA,11/17/2022,2037,N715UW,CLT,18:16,18:11,-5
AA,11/17/2022,2651,N833AW,CLT,07:00,07:02,2
AA,11/17/2023,2850,N661AW,DFW,16:45,16:38,-7
AA,11/18/2022,1646,N760US,CLT,14:40,14:30,-10
AA,11/18/2022,2037,N716UW,CLT,18:16,18:13,-3
AA,11/18/2022,2651,N767UW,CLT,07:00,08:10,70
AA,11/18/2023,2850,N680AW,DFW,16:52,18:48,116
AA,11/19/2022,1646,N745VJ,CLT,14:40,14:33,-7
AA,11/19/2022,2037,N9002U,CLT,18:16,18:07,-9
AA,11/19/2022,2651,N815AW,CLT,07:00,06:51,-9
AA,11/19/2023,2850,N128UW,DFW,16:45,16:44,-1
AA,11/20/2022,1646,N733UW,CLT,14:40,14:37,-3
AA,11/20/2022,2037,N828AW,CLT,18:16,18:09,-7
AA,11/20/2022,2651,N836AW,CLT,07:00,06:54,-6
AA,11/20/2023,2850,N128UW,DFW,16:45,17:46,61
AA,11/21/2022,1646,N708UW,CLT,14:40,14:32,-8
AA,11/21/2022,2037,N705UW,CLT,18:16,18:18,2
AA,11/21/2022,2651,N722US,CLT,07:00,06:58,-2
AA,11/21/2023,2850,N112US,DFW,16:45,18:50,125
AA,11/22/2022,1646,N816AW,CLT,14:40,14:32,-8
AA,11/22/2022,2037,N716UW,CLT,18:16,18:13,-3
AA,11/22/2022,2651,N802AW,CLT,07:00,06:51,-9
AA,11/22/2023,2850,N663AW,DFW,16:45,16:52,7
AA,11/23/2022,1646,N827AW,CLT,14:40,14:40,0
AA,11/23/2022,2037,N750UW,CLT,18:16,18:14,-2
AA,11/23/2022,2651,N775XF,CLT,07:00,06:52,-8
AA,11/24/2022,2651,N752US,CLT,07:00,06:56,-4
AA,11/24/2023,2850,N126UW,DFW,16:45,16:44,-1
AA,11/25/2022,1646,N723UW,CLT,14:40,14:31,-9
AA,11/25/2022,2037,N708UW,CLT,18:16,18:10,-6
AA,11/25/2022,2651,N741UW,CLT,07:00,07:02,2
AA,11/25/2023,2850,N661AW,DFW,16:52,16:44,-8
AA,11/26/2022,1646,N716UW,CLT,14:40,14:53,13
AA,11/26/2022,2037,N824AW,CLT,18:16,18:10,-6
AA,11/26/2022,2651,N723UW,CLT,07:00,07:02,2
AA,11/26/2023,2850,N661AW,DFW,16:45,18:51,126
AA,11/27/2022,1646,N825AW,CLT,14:40,14:32,-8
AA,11/27/2022,2037,N723UW,CLT,18:16,18:20,4
AA,11/27/2022,2651,N827AW,CLT,07:00,07:02,2
AA,11/27/2023,2850,N656AW,DFW,16:45,16:46,1
AA,11/28/2022,1646,N716UW,CLT,14:40,14:42,2
AA,11/28/2022,2037,N714US,CLT,18:16,18:07,-9
AA,11/28/2022,2651,N825AW,CLT,07:00,07:01,1
AA,11/28/2023,2850,N663AW,DFW,16:45,16:42,-3
AA,11/29/2022,1646,N758US,CLT,14:40,14:36,-4
AA,11/29/2022,2037,N748UW,CLT,18:16,18:48,32
AA,11/29/2022,2651,N827AW,CLT,07:00,06:57,-3
AA,11/29/2023,2850,N663AW,DFW,16:45,16:42,-3
AA,11/30/2022,1646,N801AW,CLT,14:40,14:34,-6
AA,11/30/2022,2037,N832AW,CLT,18:16,18:11,-5
AA,11/30/2022,2651,N832AW,CLT,07:00,07:21,21
AA,11/30/2023,2850,N661AW,DFW,16:45,17:05,20
AA,12-01-2022,1646,N827AW,CLT,14:40,14:41,1
AA,12-01-2022,2037,N827AW,CLT,18:16,18:11,-5
AA,12-01-2022,2651,N768US,CLT,07:00,06:57,-3
AA,12-01-2023,2850,N124US,DFW,16:45,16:36,-9
AA,12-02-2022,1646,N827AW,CLT,14:40,14:30,-10
AA,12-02-2022,2037,N703UW,CLT,18:16,18:08,-8
AA,12-02-2022,2651,N834AW,CLT,07:00,06:57,-3
AA,12-02-2023,2850,N661AW,DFW,16:52,17:38,46
AA,12-03-2022,1646,N837AW,CLT,14:40,14:41,1
AA,12-03-2022,2037,N183UW,CLT,18:16,18:31,15
AA,12-03-2022,2651,N758US,CLT,07:00,07:15,15
AA,12-03-2023,2850,N122US,DFW,16:45,16:49,4
AA,12-04-2022,1646,N722US,CLT,14:40,15:36,56
AA,12-04-2022,2037,N771XF,CLT,18:16,18:11,-5
AA,12-04-2022,2651,N750UW,CLT,07:00,06:56,-4
AA,12-04-2023,2850,N604AW,DFW,16:45,16:37,-8
AA,12-05-2022,1646,N750UW,CLT,14:40,14:38,-2
AA,12-05-2022,2037,N738US,CLT,18:16,18:09,-7
AA,12-05-2022,2651,N737US,CLT,07:00,06:59,-1
AA,12-05-2023,2850,N651AW,DFW,16:56,16:48,-8
AA,12-06-2022,1646,N805AW,CLT,14:40,14:38,-2
AA,12-06-2022,2037,N771XF,CLT,18:16,18:37,21
AA,12-06-2022,2651,N709UW,CLT,07:00,06:58,-2
AA,12-06-2023,2850,N652AW,DFW,16:56,17:02,6
AA,12-07-2022,1646,N830AW,CLT,14:40,16:04,84
AA,12-07-2022,2037,N714US,CLT,18:16,18:23,7
AA,12-07-2022,2651,N711UW,CLT,07:00,07:59,59
AA,12-07-2023,2850,N112US,DFW,16:56,17:05,9
AA,12-08-2022,1646,N839AW,CLT,14:40,14:31,-9
AA,12-08-2022,2037,N714US,CLT,18:16,19:03,47
AA,12-08-2022,2651,N768US,CLT,07:00,06:58,-2
AA,12-08-2023,2850,N652AW,DFW,16:56,16:49,-7
AA,12-09-2022,1646,N758US,CLT,14:40,14:53,13
AA,12-09-2022,2037,N746UW,CLT,18:16,19:12,56
AA,12-09-2022,2651,N733UW,CLT,07:00,07:00,0
AA,12-09-2023,2850,N104UW,DFW,16:56,17:06,10
AA,12-10-2022,1646,N915US,CLT,14:40,14:55,15
AA,12-10-2022,2037,N764US,CLT,18:16,18:22,6
AA,12-10-2022,2651,N804AW,CLT,07:00,07:06,6
AA,12-10-2023,2850,N664AW,DFW,16:56,17:12,16
AA,12-11-2022,1646,N717UW,CLT,14:40,14:38,-2
AA,12-11-2022,2037,N742PS,CLT,18:16,18:11,-5
AA,12-11-2022,2651,N813AW,CLT,07:00,06:55,-5
AA,12-11-2023,2850,N121UW,DFW,16:56,17:05,9
AA,12-12-2022,1646,N832AW,CLT,14:40,14:36,-4
AA,12-12-2022,2037,N177XF,CLT,18:16,18:14,-2
AA,12-12-2022,2651,N801AW,CLT,07:00,07:21,21
AA,12-12-2023,2850,N104UW,DFW,16:56,16:47,-9
AA,12/13/2022,1646,N753US,CLT,14:40,16:33,113
AA,12/13/2022,2037,N177XF,CLT,18:16,18:11,-5
AA,12/13/2022,2651,N830AW,CLT,07:00,08:11,71
AA,12/13/2023,2850,N112US,DFW,16:56,16:47,-9
AA,12/14/2022,1646,N801AW,CLT,14:40,14:34,-6
AA,12/14/2022,2037,N9010R,CLT,18:16,18:12,-4
AA,12/14/2022,2651,N831AW,CLT,07:00,06:56,-4
AA,12/14/2023,2850,N126UW,DFW,16:56,16:58,2
AA,12/15/2022,1646,N746UW,CLT,14:39,15:40,61
AA,12/15/2022,2037,N90024,CLT,17:57,18:31,34
AA,12/15/2022,2651,N833AW,CLT,07:00,06:59,-1
AA,12/15/2023,2850,N680AW,DFW,16:56,16:50,-6
AA,12/16/2022,1646,N827AW,CLT,14:39,14:59,20
AA,12/16/2022,2037,N815AW,CLT,17:57,18:01,4
AA,12/16/2022,2651,N90024,CLT,07:00,06:53,-7
AA,12/16/2023,2850,N673AW,DFW,16:56,16:46,-10
AA,12/17/2022,1646,N177XF,CLT,14:39,15:01,22
AA,12/17/2022,2037,N812AW,CLT,17:57,18:22,25
AA,12/17/2022,2651,N833AW,CLT,07:00,06:54,-6
AA,12/17/2023,2850,N660AW,DFW,16:56,16:49,-7
AA,12/18/2022,1646,N771XF,CLT,14:39,18:42,243
AA,12/18/2022,2037,N830AW,CLT,17:57,18:15,18
AA,12/18/2022,2651,N840AW,CLT,07:00,06:53,-7
AA,12/18/2023,2850,N653AW,DFW,16:56,18:45,109
AA,12/19/2022,1646,N745VJ,CLT,14:45,15:11,26
AA,12/19/2022,2037,N745VJ,CLT,17:57,17:57,0
AA,12/19/2022,2651,N833AW,CLT,07:00,07:05,5
AA,12/19/2023,2850,N650AW,DFW,16:56,16:55,-1
AA,12/20/2022,1646,N748UW,CLT,14:45,15:51,66
AA,12/20/2022,2037,N712US,CLT,17:57,17:51,-6
AA,12/20/2022,2651,N814AW,CLT,07:00,06:57,-3
AA,12/20/2023,2850,N114UW,DFW,16:11,17:06,55
AA,12/21/2022,1646,N763US,CLT,14:39,14:36,-3
AA,12/21/2022,2037,N763US,CLT,17:57,17:57,0
AA,12/21/2022,2651,N829AW,CLT,07:00,06:57,-3
AA,12/21/2023,2850,N124US,DFW,16:11,16:24,13
AA,12/22/2022,1646,N820AW,CLT,14:39,15:14,35
AA,12/22/2022,2037,N832AW,CLT,17:57,18:31,34
AA,12/22/2022,2651,N744P,CLT,07:00,00:00,0
AA,12/22/2023,2850,N114UW,DFW,16:11,16:39,28
AA,12/23/2022,1646,N744P,CLT,14:39,16:25,106
AA,12/23/2022,2037,N744P,CLT,17:57,19:25,88
AA,12/23/2022,2651,N817AW,CLT,07:00,06:53,-7
AA,12/23/2023,2850,N653AW,DFW,16:10,16:35,25
AA,12/24/2022,1646,N822AW,CLT,14:39,14:46,7
AA,12/24/2022,2651,N804AW,CLT,07:00,06:59,-1
AA,12/25/2022,1646,N758US,CLT,14:39,17:30,171
AA,12/25/2022,2037,N819AW,CLT,17:57,21:13,196
AA,12/25/2022,2730,N822AW,CLT,11:05,11:00,-5
AA,12/25/2023,2850,N652AW,DFW,16:11,16:11,0
AA,12/26/2022,1646,N122US,CLT,14:39,16:45,126
AA,12/26/2022,2037,N650AW,CLT,17:57,19:12,75
AA,12/26/2022,2651,N828AW,CLT,07:00,08:23,83
AA,12/26/2023,2850,N102UW,DFW,16:11,16:54,43
AA,12/27/2022,1646,N807AW,CLT,14:39,16:50,131
AA,12/27/2022,2037,N732US,CLT,17:57,18:24,27
AA,12/27/2022,2651,N760US,CLT,07:00,07:04,4
AA,12/27/2023,2850,N114UW,DFW,16:11,16:25,14
AA,12/28/2022,1646,N760US,CLT,14:39,14:41,2
AA,12/28/2022,2037,N807AW,CLT,17:57,17:58,1
AA,12/28/2022,2651,N807AW,CLT,07:00,07:07,7
AA,12/28/2023,2850,N126UW,DFW,16:11,17:07,56
AA,12/29/2022,1646,N760US,CLT,14:39,14:53,14
AA,12/29/2022,2037,N805AW,CLT,17:57,18:03,6
AA,12/29/2022,2651,N760US,CLT,07:00,07:00,0
AA,12/29/2023,2850,N650AW,DFW,16:11,16:22,11
AA,12/30/2022,1646,N723UW,CLT,14:39,14:39,0
AA,12/30/2022,2037,N178US,CLT,17:57,18:12,15
AA,12/30/2022,2651,N762US,CLT,07:00,07:02,2
AA,12/30/2023,2850,N657AW,DFW,16:10,16:31,21
AA,12/31/2022,1646,N746UW,CLT,14:39,14:30,-9
AA,12/31/2022,2651,N757UW,CLT,07:00,06:55,-5
AA,12/31/2023,2850,N679AW,DFW,16:11,16:09,-2
